case_id,activity,timestamp,resource,lifecycle
case-10011,Confirmation of receipt,2011-10-11T13:45:40.276+02:00,Resource21,complete
case-10011,T02 Check confirmation of receipt,2011-10-12T08:26:25.398+02:00,Resource10,complete
case-10011,T03 Adjust confirmation of receipt,2011-11-24T15:36:51.302+01:00,Resource21,complete
case-10011,T02 Check confirmation of receipt,2011-11-24T15:37:16.553+01:00,Resource21,complete
case-10017,Confirmation of receipt,2011-10-18T13:46:39.679+02:00,Resource30,complete
case-10017,T06 Determine necessity of stop advice,2011-10-18T13:47:06.950+02:00,Resource30,complete
case-10017,T02 Check confirmation of receipt,2011-10-18T13:47:26.235+02:00,Resource30,complete
case-10017,T03 Adjust confirmation of receipt,2011-10-18T13:47:41.811+02:00,Resource30,complete
case-10017,T02 Check confirmation of receipt,2011-10-18T13:47:57.979+02:00,Resource30,complete
case-10017,T10 Determine necessity to stop indication,2011-10-18T13:48:15.357+02:00,Resource30,complete
case-10017,T03 Adjust confirmation of receipt,2011-10-18T13:48:30.632+02:00,Resource30,complete
case-10017,T02 Check confirmation of receipt,2011-10-18T13:51:01.525+02:00,Resource30,complete
case-10017,T03 Adjust confirmation of receipt,2011-10-18T13:56:57.603+02:00,admin2,complete
case-10024,Confirmation of receipt,2011-10-18T15:53:19.732+02:00,Resource03,complete
case-10024,T02 Check confirmation of receipt,2011-10-18T15:53:38.108+02:00,Resource03,complete
case-10024,T04 Determine confirmation of receipt,2011-10-18T15:53:53.778+02:00,Resource03,complete
case-10024,T05 Print and send confirmation of receipt,2011-10-18T15:54:06.717+02:00,Resource03,complete
case-10024,T06 Determine necessity of stop advice,2011-10-18T15:54:24.121+02:00,Resource03,complete
case-10024,T10 Determine necessity to stop indication,2011-10-18T15:57:18.847+02:00,Resource03,complete
case-10025,Confirmation of receipt,2011-10-25T09:27:08.484+02:00,Resource03,complete
case-10025,T02 Check confirmation of receipt,2011-10-25T09:27:27.316+02:00,Resource03,complete
case-10025,T04 Determine confirmation of receipt,2011-10-25T09:27:46.307+02:00,Resource03,complete
case-10025,T05 Print and send confirmation of receipt,2011-10-25T09:28:00.504+02:00,Resource03,complete
case-10025,T06 Determine necessity of stop advice,2011-10-25T09:28:15.484+02:00,Resource03,complete
case-10025,T10 Determine necessity to stop indication,2011-10-25T09:28:33.002+02:00,Resource03,complete
case-10028,Confirmation of receipt,2011-10-25T14:13:10.744+02:00,Resource03,complete
case-10028,T02 Check confirmation of receipt,2011-10-25T14:13:31.837+02:00,Resource03,complete
case-10028,T04 Determine confirmation of receipt,2011-10-25T14:13:49.542+02:00,Resource03,complete
case-10028,T05 Print and send confirmation of receipt,2011-10-25T14:14:24.249+02:00,Resource03,complete
case-10028,T06 Determine necessity of stop advice,2011-10-25T14:22:15.239+02:00,Resource03,complete
case-10028,T10 Determine necessity to stop indication,2011-10-25T14:23:06.272+02:00,Resource03,complete
case-10028,T16 Report reasons to hold request,2011-10-25T14:23:58.755+02:00,Resource03,complete
case-10028,T17 Check report Y to stop indication,2011-10-25T14:24:22.922+02:00,Resource03,complete
case-10028,T19 Determine report Y to stop indication,2011-10-25T14:24:55.079+02:00,Resource03,complete
case-10028,T20 Print report Y to stop indication,2011-10-25T14:25:10.989+02:00,Resource03,complete
case-10059,Confirmation of receipt,2011-10-17T15:31:27.570+02:00,Resource06,complete
case-10059,T02 Check confirmation of receipt,2011-10-17T15:31:51.615+02:00,Resource06,complete
case-10059,T04 Determine confirmation of receipt,2011-10-17T15:32:34.591+02:00,Resource06,complete
case-10059,T05 Print and send confirmation of receipt,2011-10-17T15:33:42.796+02:00,Resource06,complete
case-10059,T06 Determine necessity of stop advice,2011-10-17T15:34:25.518+02:00,Resource06,complete
case-10059,T10 Determine necessity to stop indication,2011-10-17T15:41:19.472+02:00,Resource06,complete
case-10061,Confirmation of receipt,2011-10-24T15:00:50.433+02:00,Resource03,complete
case-10061,T06 Determine necessity of stop advice,2011-10-24T15:01:21.907+02:00,Resource03,complete
case-10061,T10 Determine necessity to stop indication,2011-10-24T15:01:44.536+02:00,Resource03,complete
case-10061,T02 Check confirmation of receipt,2011-10-24T15:01:59.826+02:00,Resource03,complete
case-10061,T04 Determine confirmation of receipt,2011-10-24T15:02:16.227+02:00,Resource03,complete
case-10061,T05 Print and send confirmation of receipt,2011-10-24T15:02:32.399+02:00,Resource03,complete
case-10062,Confirmation of receipt,2011-10-18T13:34:39.087+02:00,admin2,complete
case-10065,Confirmation of receipt,2011-10-28T10:31:29.136+02:00,Resource06,complete
case-10065,T02 Check confirmation of receipt,2011-10-28T10:31:49.811+02:00,Resource06,complete
case-10065,T04 Determine confirmation of receipt,2011-10-28T10:32:08.374+02:00,Resource06,complete
case-10065,T05 Print and send confirmation of receipt,2011-10-28T10:32:49.753+02:00,Resource06,complete
case-10065,T06 Determine necessity of stop advice,2011-10-28T10:45:06.394+02:00,Resource06,complete
case-10065,T10 Determine necessity to stop indication,2011-10-28T11:01:50.118+02:00,Resource06,complete
case-10066,Confirmation of receipt,2011-11-22T13:46:36.256+01:00,Resource22,complete
case-10066,T02 Check confirmation of receipt,2011-11-22T13:48:39.989+01:00,Resource22,complete
case-10066,T04 Determine confirmation of receipt,2011-11-22T13:49:21.982+01:00,Resource22,complete
case-10066,T05 Print and send confirmation of receipt,2011-11-22T13:52:51.629+01:00,Resource22,complete
case-10066,T06 Determine necessity of stop advice,2011-11-22T13:57:59.101+01:00,Resource22,complete
case-10066,T10 Determine necessity to stop indication,2011-11-22T13:59:50.916+01:00,Resource22,complete
case-10067,Confirmation of receipt,2011-11-09T20:39:03.392+01:00,Resource13,complete
case-10067,T02 Check confirmation of receipt,2011-11-09T20:39:34.137+01:00,Resource13,complete
case-10067,T04 Determine confirmation of receipt,2011-11-09T20:40:02.334+01:00,Resource13,complete
case-10067,T05 Print and send confirmation of receipt,2011-11-09T20:40:26.677+01:00,Resource13,complete
case-10067,T06 Determine necessity of stop advice,2011-11-09T20:40:49.698+01:00,Resource13,complete
case-10067,T10 Determine necessity to stop indication,2011-11-09T20:41:13.745+01:00,Resource13,complete
case-10068,Confirmation of receipt,2011-10-20T12:39:37.946+02:00,Resource20,complete
case-10068,T02 Check confirmation of receipt,2011-10-20T12:40:07.912+02:00,Resource20,complete
case-10068,T04 Determine confirmation of receipt,2011-10-20T12:40:31.903+02:00,Resource20,complete
case-10068,T05 Print and send confirmation of receipt,2011-10-20T12:41:02.031+02:00,Resource20,complete
case-10068,T06 Determine necessity of stop advice,2011-10-20T12:41:28.600+02:00,Resource20,complete
case-10068,T10 Determine necessity to stop indication,2011-10-20T12:42:01.990+02:00,Resource20,complete
case-10069,Confirmation of receipt,2011-11-07T15:10:10.205+01:00,Resource08,complete
case-10069,T02 Check confirmation of receipt,2011-11-07T15:11:51.689+01:00,Resource08,complete
case-10069,T04 Determine confirmation of receipt,2011-11-07T15:12:53.254+01:00,Resource08,complete
case-10069,T05 Print and send confirmation of receipt,2011-11-07T15:13:17.976+01:00,Resource08,complete
case-10069,T06 Determine necessity of stop advice,2011-11-07T15:14:49.848+01:00,Resource08,complete
case-10069,T10 Determine necessity to stop indication,2011-11-07T15:16:47.427+01:00,Resource08,complete
case-10070,Confirmation of receipt,2011-11-09T19:43:25.050+01:00,Resource13,complete
case-10070,T06 Determine necessity of stop advice,2011-11-09T19:43:50.463+01:00,Resource13,complete
case-10070,T02 Check confirmation of receipt,2011-11-09T19:44:27.071+01:00,Resource13,complete
case-10070,T04 Determine confirmation of receipt,2011-11-09T19:44:58.894+01:00,Resource13,complete
case-10070,T10 Determine necessity to stop indication,2011-11-09T19:45:21.385+01:00,Resource13,complete
case-10070,T05 Print and send confirmation of receipt,2011-11-09T19:48:48.443+01:00,Resource13,complete
case-10071,Confirmation of receipt,2011-10-19T09:56:55.204+02:00,Resource21,complete
case-10071,T02 Check confirmation of receipt,2011-10-19T09:57:39.722+02:00,Resource21,complete
case-10071,T04 Determine confirmation of receipt,2011-10-19T09:58:15.323+02:00,Resource21,complete
case-10071,T05 Print and send confirmation of receipt,2011-10-19T09:58:36.018+02:00,Resource21,complete
case-10071,T06 Determine necessity of stop advice,2011-10-19T09:58:54.326+02:00,Resource21,complete
case-10071,T10 Determine necessity to stop indication,2011-10-20T14:06:59.060+02:00,Resource21,complete
case-10071,T11 Create document X request unlicensed,2012-01-18T09:48:33.680+01:00,Resource21,complete
case-10071,T12 Check document X request unlicensed,2012-01-18T09:49:09.359+01:00,Resource21,complete
case-10071,T14 Determine document X request unlicensed,2012-01-18T09:49:44.753+01:00,Resource21,complete
case-10071,T15 Print document X request unlicensed,2012-01-18T09:50:57.577+01:00,Resource21,complete
case-10072,Confirmation of receipt,2011-10-31T11:09:14.275+01:00,Resource02,complete
case-10072,T02 Check confirmation of receipt,2011-10-31T11:10:03.929+01:00,Resource02,complete
case-10072,T04 Determine confirmation of receipt,2011-10-31T11:10:37.260+01:00,Resource02,complete
case-10072,T05 Print and send confirmation of receipt,2011-10-31T11:10:54.423+01:00,Resource02,complete
case-10072,T06 Determine necessity of stop advice,2011-10-31T11:36:38.174+01:00,Resource02,complete
case-10072,T10 Determine necessity to stop indication,2011-10-31T11:37:11.319+01:00,Resource02,complete
case-10073,Confirmation of receipt,2011-11-29T14:28:08.930+01:00,Resource22,complete
case-10073,T02 Check confirmation of receipt,2011-11-29T14:40:03.247+01:00,Resource22,complete
case-10073,T04 Determine confirmation of receipt,2011-11-29T14:40:32.371+01:00,Resource22,complete
case-10073,T05 Print and send confirmation of receipt,2011-11-29T14:41:12.227+01:00,Resource22,complete
case-10073,T06 Determine necessity of stop advice,2011-11-29T14:42:10.340+01:00,Resource22,complete
case-10073,T07-1 Draft intern advice aspect 1,2011-11-30T10:53:50.203+01:00,Resource22,complete
case-10073,T08 Draft and send request for advice,2011-11-30T10:54:46.581+01:00,Resource22,complete
case-10073,T09-1 Process or receive external advice from party 1,2011-11-30T11:02:33.530+01:00,Resource22,complete
case-10073,T06 Determine necessity of stop advice,2011-11-30T11:04:28.307+01:00,Resource22,complete
case-10073,T10 Determine necessity to stop indication,2011-11-30T11:05:12.807+01:00,Resource22,complete
case-10075,Confirmation of receipt,2011-10-20T11:57:52.783+02:00,admin2,complete
case-10087,Confirmation of receipt,2011-10-24T15:57:27.372+02:00,Resource03,complete
case-10087,T02 Check confirmation of receipt,2011-10-24T15:57:45.747+02:00,Resource03,complete
case-10087,T04 Determine confirmation of receipt,2011-10-24T15:58:02.043+02:00,Resource03,complete
case-10087,T05 Print and send confirmation of receipt,2011-10-24T15:58:19.298+02:00,Resource03,complete
case-10087,T06 Determine necessity of stop advice,2011-10-24T15:58:34.305+02:00,Resource03,complete
case-10087,T10 Determine necessity to stop indication,2011-10-24T15:58:55.006+02:00,Resource03,complete
case-10089,Confirmation of receipt,2011-10-18T16:12:35.899+02:00,Resource20,complete
case-10089,T02 Check confirmation of receipt,2011-10-18T16:14:00.020+02:00,Resource20,complete
case-10089,T04 Determine confirmation of receipt,2011-10-18T16:14:55.271+02:00,Resource20,complete
case-10089,T05 Print and send confirmation of receipt,2011-10-18T16:15:26.326+02:00,Resource20,complete
case-10089,T06 Determine necessity of stop advice,2011-10-18T16:16:01.203+02:00,Resource20,complete
case-10089,T10 Determine necessity to stop indication,2011-10-18T16:16:30.526+02:00,Resource20,complete
case-10089,T11 Create document X request unlicensed,2011-10-24T12:02:20.931+02:00,admin2,complete
case-10090,Confirmation of receipt,2011-10-24T16:25:16.886+02:00,Resource03,complete
case-10090,T02 Check confirmation of receipt,2011-10-24T16:25:48.093+02:00,Resource03,complete
case-10090,T04 Determine confirmation of receipt,2011-10-24T16:26:08.810+02:00,Resource03,complete
case-10090,T05 Print and send confirmation of receipt,2011-10-24T16:26:35.495+02:00,Resource03,complete
case-10090,T06 Determine necessity of stop advice,2011-10-24T16:27:22.161+02:00,Resource03,complete
case-10090,T10 Determine necessity to stop indication,2011-10-24T16:27:44.390+02:00,Resource03,complete
case-10094,Confirmation of receipt,2011-10-25T15:07:27.732+02:00,Resource03,complete
case-10094,T02 Check confirmation of receipt,2011-10-25T15:07:50.830+02:00,Resource03,complete
case-10094,T04 Determine confirmation of receipt,2011-10-25T15:08:07.876+02:00,Resource03,complete
case-10094,T05 Print and send confirmation of receipt,2011-10-25T15:08:27.483+02:00,Resource03,complete
case-10094,T06 Determine necessity of stop advice,2011-10-25T15:08:48.537+02:00,Resource03,complete
case-10094,T10 Determine necessity to stop indication,2011-10-25T15:09:15.981+02:00,Resource03,complete
case-10095,Confirmation of receipt,2011-11-14T09:26:07.385+01:00,admin2,complete
case-10098,Confirmation of receipt,2011-10-25T16:06:58.586+02:00,Resource03,complete
case-10098,T02 Check confirmation of receipt,2011-10-25T16:07:20.077+02:00,Resource03,complete
case-10098,T04 Determine confirmation of receipt,2011-10-25T16:07:48.289+02:00,Resource03,complete
case-10098,T05 Print and send confirmation of receipt,2011-10-25T16:08:23.484+02:00,Resource03,complete
case-10098,T06 Determine necessity of stop advice,2011-10-25T16:08:54.842+02:00,Resource03,complete
case-10098,T10 Determine necessity to stop indication,2011-10-25T16:09:21.982+02:00,Resource03,complete
case-10099,Confirmation of receipt,2011-10-26T09:04:38.421+02:00,Resource03,complete
case-10099,T02 Check confirmation of receipt,2011-10-26T09:04:58.466+02:00,Resource03,complete
case-10099,T04 Determine confirmation of receipt,2011-10-26T09:05:15.074+02:00,Resource03,complete
case-10099,T05 Print and send confirmation of receipt,2011-10-26T09:05:29.235+02:00,Resource03,complete
case-10099,T06 Determine necessity of stop advice,2011-10-26T09:05:43.792+02:00,Resource03,complete
case-10099,T10 Determine necessity to stop indication,2011-10-26T09:07:16.656+02:00,Resource03,complete
case-10101,Confirmation of receipt,2011-10-26T11:44:51.917+02:00,Resource03,complete
case-10101,T02 Check confirmation of receipt,2011-10-26T11:45:23.672+02:00,Resource03,complete
case-10101,T04 Determine confirmation of receipt,2011-10-26T11:45:54.899+02:00,Resource03,complete
case-10101,T05 Print and send confirmation of receipt,2011-10-26T11:46:16.939+02:00,Resource03,complete
case-10101,T06 Determine necessity of stop advice,2011-10-26T11:46:40.098+02:00,Resource03,complete
case-10101,T10 Determine necessity to stop indication,2011-10-26T11:47:15.161+02:00,Resource03,complete
case-10102,Confirmation of receipt,2011-10-20T11:06:16.081+02:00,Resource02,complete
case-10102,T02 Check confirmation of receipt,2011-10-27T13:46:27.098+02:00,Resource02,complete
case-10102,T04 Determine confirmation of receipt,2011-10-27T13:46:49.205+02:00,Resource02,complete
case-10102,T05 Print and send confirmation of receipt,2011-10-27T15:11:16.295+02:00,admin1,complete
case-10102,T06 Determine necessity of stop advice,2011-11-17T08:13:20.068+01:00,Resource02,complete
case-10102,T10 Determine necessity to stop indication,2011-11-17T08:14:21.708+01:00,Resource02,complete
case-10103,Confirmation of receipt,2011-11-15T07:20:14.205+01:00,Resource02,complete
case-10103,T02 Check confirmation of receipt,2011-11-15T07:20:38.880+01:00,Resource02,complete
case-10103,T04 Determine confirmation of receipt,2011-11-15T07:21:00.327+01:00,Resource02,complete
case-10103,T05 Print and send confirmation of receipt,2011-11-15T07:21:22.524+01:00,Resource02,complete
case-10103,T06 Determine necessity of stop advice,2011-11-15T07:42:16.335+01:00,Resource02,complete
case-10103,T10 Determine necessity to stop indication,2011-11-15T07:42:43.828+01:00,Resource02,complete
case-10105,Confirmation of receipt,2011-10-26T14:45:46.454+02:00,Resource03,complete
case-10105,T02 Check confirmation of receipt,2011-10-26T14:46:05.211+02:00,Resource03,complete
case-10105,T04 Determine confirmation of receipt,2011-10-26T14:46:20.612+02:00,Resource03,complete
case-10105,T05 Print and send confirmation of receipt,2011-10-26T14:46:39.019+02:00,Resource03,complete
case-10105,T06 Determine necessity of stop advice,2011-10-26T14:46:55.969+02:00,Resource03,complete
case-10105,T10 Determine necessity to stop indication,2011-10-26T14:47:17.500+02:00,Resource03,complete
case-10120,Confirmation of receipt,2011-10-25T09:56:31.704+02:00,Resource05,complete
case-10120,T02 Check confirmation of receipt,2011-10-25T09:57:00.379+02:00,Resource05,complete
case-10120,T04 Determine confirmation of receipt,2011-10-25T11:34:25.395+02:00,Resource05,complete
case-10120,T05 Print and send confirmation of receipt,2011-10-25T11:34:46.250+02:00,Resource05,complete
case-10120,T06 Determine necessity of stop advice,2011-10-25T11:35:58.954+02:00,Resource05,complete
case-10120,T10 Determine necessity to stop indication,2011-10-25T13:45:05.459+02:00,Resource05,complete
case-10127,Confirmation of receipt,2011-10-27T08:37:51.459+02:00,Resource06,complete
case-10127,T02 Check confirmation of receipt,2011-10-27T08:38:11.536+02:00,Resource06,complete
case-10127,T04 Determine confirmation of receipt,2011-10-27T08:38:39.137+02:00,Resource06,complete
case-10127,T05 Print and send confirmation of receipt,2011-10-27T08:39:02.930+02:00,Resource06,complete
case-10127,T06 Determine necessity of stop advice,2011-10-27T08:39:43.531+02:00,Resource06,complete
case-10127,T10 Determine necessity to stop indication,2011-10-27T08:40:03.485+02:00,Resource06,complete
case-10134,Confirmation of receipt,2011-10-26T15:04:21.840+02:00,Resource03,complete
case-10134,T02 Check confirmation of receipt,2011-10-26T15:04:43.045+02:00,Resource03,complete
case-10134,T04 Determine confirmation of receipt,2011-10-26T15:05:00.324+02:00,Resource03,complete
case-10134,T05 Print and send confirmation of receipt,2011-10-26T15:05:19.716+02:00,Resource03,complete
case-10134,T06 Determine necessity of stop advice,2011-10-26T15:05:34.867+02:00,Resource03,complete
case-10134,T10 Determine necessity to stop indication,2011-10-26T15:05:59.098+02:00,Resource03,complete
case-10136,Confirmation of receipt,2011-10-26T15:40:46.193+02:00,Resource03,complete
case-10136,T06 Determine necessity of stop advice,2011-10-26T15:41:05.144+02:00,Resource03,complete
case-10136,T02 Check confirmation of receipt,2011-10-26T15:41:23.359+02:00,Resource03,complete
case-10136,T04 Determine confirmation of receipt,2011-10-26T15:41:39.797+02:00,Resource03,complete
case-10136,T05 Print and send confirmation of receipt,2011-10-26T15:41:56.091+02:00,Resource03,complete
case-10136,T10 Determine necessity to stop indication,2011-10-26T15:42:22.465+02:00,Resource03,complete
case-10138,Confirmation of receipt,2011-12-08T14:52:51.432+01:00,Resource12,complete
case-10138,T02 Check confirmation of receipt,2011-12-08T14:53:26.952+01:00,Resource12,complete
case-10138,T04 Determine confirmation of receipt,2011-12-08T14:53:55.363+01:00,Resource12,complete
case-10138,T06 Determine necessity of stop advice,2011-12-08T14:55:00.037+01:00,Resource12,complete
case-10138,T10 Determine necessity to stop indication,2011-12-08T14:55:37.151+01:00,Resource12,complete
case-10138,T05 Print and send confirmation of receipt,2011-12-14T13:36:32.274+01:00,admin1,complete
case-10139,Confirmation of receipt,2011-10-21T10:07:16.084+02:00,admin2,complete
case-10146,Confirmation of receipt,2011-11-07T15:24:56.152+01:00,Resource03,complete
case-10146,T02 Check confirmation of receipt,2011-11-07T15:25:45.882+01:00,Resource03,complete
case-10146,T04 Determine confirmation of receipt,2011-11-16T12:05:43.389+01:00,Resource03,complete
case-10146,T05 Print and send confirmation of receipt,2011-11-16T12:06:16.314+01:00,Resource03,complete
case-10146,T06 Determine necessity of stop advice,2011-11-16T12:06:32.021+01:00,Resource03,complete
case-10146,T10 Determine necessity to stop indication,2011-11-16T12:07:02.208+01:00,Resource03,complete
case-10147,Confirmation of receipt,2011-10-26T16:07:55.282+02:00,Resource03,complete
case-10147,T02 Check confirmation of receipt,2011-10-26T16:10:03.859+02:00,Resource03,complete
case-10147,T04 Determine confirmation of receipt,2011-10-26T16:10:19.743+02:00,Resource03,complete
case-10147,T05 Print and send confirmation of receipt,2011-10-26T16:10:44.250+02:00,Resource03,complete
case-10147,T06 Determine necessity of stop advice,2011-10-26T16:10:58.544+02:00,Resource03,complete
case-10147,T10 Determine necessity to stop indication,2011-10-26T16:11:19.812+02:00,Resource03,complete
case-10159,Confirmation of receipt,2011-11-10T11:00:39.952+01:00,Resource03,complete
case-10159,T02 Check confirmation of receipt,2011-11-10T11:01:15.080+01:00,Resource03,complete
case-10159,T04 Determine confirmation of receipt,2011-11-10T11:02:07.499+01:00,Resource03,complete
case-10159,T05 Print and send confirmation of receipt,2011-11-10T11:02:24.015+01:00,Resource03,complete
case-10159,T06 Determine necessity of stop advice,2011-11-10T11:02:41.340+01:00,Resource03,complete
case-10159,T10 Determine necessity to stop indication,2011-11-10T11:03:55.840+01:00,Resource03,complete
case-10160,Confirmation of receipt,2011-10-25T15:20:00.343+02:00,Resource02,complete
case-10160,T02 Check confirmation of receipt,2011-10-25T15:21:08.384+02:00,Resource02,complete
case-10160,T04 Determine confirmation of receipt,2011-10-25T15:21:33.582+02:00,Resource02,complete
case-10160,T05 Print and send confirmation of receipt,2011-10-25T15:22:26.004+02:00,Resource02,complete
case-10160,T06 Determine necessity of stop advice,2011-10-25T15:24:25.818+02:00,Resource02,complete
case-10163,Confirmation of receipt,2011-10-27T10:17:24.156+02:00,admin2,complete
case-10164,Confirmation of receipt,2011-10-27T11:02:53.821+02:00,Resource01,complete
case-10164,T02 Check confirmation of receipt,2011-10-27T11:18:08.789+02:00,Resource32,complete
case-10164,T06 Determine necessity of stop advice,2011-11-18T16:02:51.452+01:00,admin2,complete
case-10164,T04 Determine confirmation of receipt,2011-11-18T16:02:52.082+01:00,admin2,complete
case-10183,Confirmation of receipt,2011-12-09T14:16:10.879+01:00,Resource09,complete
case-10183,T02 Check confirmation of receipt,2011-12-09T14:16:39.383+01:00,Resource09,complete
case-10183,T04 Determine confirmation of receipt,2011-12-09T14:17:02.175+01:00,Resource09,complete
case-10183,T06 Determine necessity of stop advice,2011-12-09T14:17:35.863+01:00,Resource09,complete
case-10183,T10 Determine necessity to stop indication,2011-12-09T14:24:28.994+01:00,Resource09,complete
case-10183,T05 Print and send confirmation of receipt,2011-12-09T14:30:04.403+01:00,Resource09,complete
case-10194,Confirmation of receipt,2012-01-17T11:28:47.373+01:00,admin2,complete
case-10195,Confirmation of receipt,2012-01-17T11:29:39.271+01:00,admin2,complete
case-10196,Confirmation of receipt,2011-11-07T08:53:41.967+01:00,Resource23,complete
case-10196,T02 Check confirmation of receipt,2011-11-07T08:59:27.936+01:00,Resource23,complete
case-10196,T04 Determine confirmation of receipt,2011-11-07T08:59:55.396+01:00,Resource23,complete
case-10196,T05 Print and send confirmation of receipt,2011-11-07T09:00:26.195+01:00,Resource23,complete
case-10196,T06 Determine necessity of stop advice,2011-11-07T09:03:53.415+01:00,Resource23,complete
case-10196,T10 Determine necessity to stop indication,2011-11-07T09:04:19.919+01:00,Resource23,complete
case-10198,Confirmation of receipt,2011-11-07T15:41:35.421+01:00,Resource03,complete
case-10198,T06 Determine necessity of stop advice,2011-11-07T15:42:00.650+01:00,Resource03,complete
case-10198,T02 Check confirmation of receipt,2011-11-07T15:42:25.734+01:00,Resource03,complete
case-10198,T04 Determine confirmation of receipt,2011-11-07T15:42:53.160+01:00,Resource03,complete
case-10198,T05 Print and send confirmation of receipt,2011-11-07T15:43:09.610+01:00,Resource03,complete
case-10198,T10 Determine necessity to stop indication,2011-11-07T15:43:33.300+01:00,Resource03,complete
case-10199,Confirmation of receipt,2011-10-31T12:27:03.433+01:00,Resource13,complete
case-10199,T02 Check confirmation of receipt,2011-10-31T12:27:59.136+01:00,Resource13,complete
case-10199,T04 Determine confirmation of receipt,2011-10-31T12:29:26.336+01:00,Resource13,complete
case-10199,T05 Print and send confirmation of receipt,2011-10-31T12:30:30.258+01:00,Resource13,complete
case-10199,T06 Determine necessity of stop advice,2011-10-31T12:30:58.868+01:00,Resource13,complete
case-10199,T10 Determine necessity to stop indication,2011-10-31T12:31:26.913+01:00,Resource13,complete
case-10202,Confirmation of receipt,2011-11-11T11:26:45.553+01:00,Resource23,complete
case-10202,T02 Check confirmation of receipt,2011-11-11T11:27:13.213+01:00,Resource23,complete
case-10202,T04 Determine confirmation of receipt,2011-11-11T11:27:35.312+01:00,Resource23,complete
case-10202,T05 Print and send confirmation of receipt,2011-11-11T11:28:32.859+01:00,Resource23,complete
case-10202,T06 Determine necessity of stop advice,2011-11-11T11:28:54.141+01:00,Resource23,complete
case-10202,T10 Determine necessity to stop indication,2011-11-11T11:29:22.728+01:00,Resource23,complete
case-10210,Confirmation of receipt,2011-11-02T16:23:22.365+01:00,admin2,complete
case-10211,Confirmation of receipt,2011-11-07T16:10:25.162+01:00,Resource03,complete
case-10211,T02 Check confirmation of receipt,2011-11-07T16:10:46.884+01:00,Resource03,complete
case-10211,T04 Determine confirmation of receipt,2011-11-07T16:11:03.116+01:00,Resource03,complete
case-10211,T05 Print and send confirmation of receipt,2011-11-07T16:11:17.467+01:00,Resource03,complete
case-10211,T06 Determine necessity of stop advice,2011-11-07T16:11:33.028+01:00,Resource03,complete
case-10211,T10 Determine necessity to stop indication,2011-11-07T16:11:56.020+01:00,Resource03,complete
case-10218,Confirmation of receipt,2011-11-07T16:38:30.783+01:00,Resource03,complete
case-10218,T02 Check confirmation of receipt,2011-11-07T16:39:57.124+01:00,Resource03,complete
case-10218,T04 Determine confirmation of receipt,2011-11-07T16:40:14.204+01:00,Resource03,complete
case-10218,T05 Print and send confirmation of receipt,2011-11-07T16:40:27.744+01:00,Resource03,complete
case-10218,T06 Determine necessity of stop advice,2011-11-07T16:40:42.920+01:00,Resource03,complete
case-10218,T10 Determine necessity to stop indication,2011-11-07T16:41:08.668+01:00,Resource03,complete
case-10220,Confirmation of receipt,2011-11-08T09:00:30.827+01:00,Resource03,complete
case-10220,T02 Check confirmation of receipt,2011-11-08T09:01:19.566+01:00,Resource03,complete
case-10220,T04 Determine confirmation of receipt,2011-11-08T09:01:39.235+01:00,Resource03,complete
case-10220,T05 Print and send confirmation of receipt,2011-11-08T09:01:56.265+01:00,Resource03,complete
case-10220,T06 Determine necessity of stop advice,2011-11-08T09:02:13.352+01:00,Resource03,complete
case-10220,T10 Determine necessity to stop indication,2011-11-08T09:02:42.865+01:00,Resource03,complete
case-10221,Confirmation of receipt,2011-11-29T12:27:58.006+01:00,Resource14,complete
case-10221,T02 Check confirmation of receipt,2011-11-29T12:29:42.082+01:00,Resource14,complete
case-10221,T04 Determine confirmation of receipt,2011-11-29T12:30:24.691+01:00,Resource14,complete
case-10221,T05 Print and send confirmation of receipt,2011-11-29T12:30:47.253+01:00,Resource14,complete
case-10221,T06 Determine necessity of stop advice,2011-11-29T12:41:42.876+01:00,Resource14,complete
case-10221,T10 Determine necessity to stop indication,2011-11-29T12:43:19.895+01:00,Resource14,complete
case-10222,Confirmation of receipt,2011-11-24T14:48:41.587+01:00,Resource22,complete
case-10222,T02 Check confirmation of receipt,2011-11-24T14:49:36.208+01:00,Resource22,complete
case-10222,T04 Determine confirmation of receipt,2011-11-24T14:50:25.478+01:00,Resource22,complete
case-10222,T05 Print and send confirmation of receipt,2011-11-24T14:51:41.327+01:00,Resource22,complete
case-10222,T06 Determine necessity of stop advice,2011-11-24T15:25:55.356+01:00,Resource22,complete
case-10222,T10 Determine necessity to stop indication,2011-11-24T15:27:02.129+01:00,Resource22,complete
case-10223,Confirmation of receipt,2011-11-08T09:18:47.312+01:00,Resource03,complete
case-10223,T02 Check confirmation of receipt,2011-11-08T09:20:22.751+01:00,Resource03,complete
case-10223,T04 Determine confirmation of receipt,2011-11-08T09:20:41.418+01:00,Resource03,complete
case-10223,T05 Print and send confirmation of receipt,2011-11-08T09:20:56.808+01:00,Resource03,complete
case-10223,T06 Determine necessity of stop advice,2011-11-08T09:21:16.142+01:00,Resource03,complete
case-10223,T10 Determine necessity to stop indication,2011-11-08T09:21:43.487+01:00,Resource03,complete
case-10225,Confirmation of receipt,2011-12-07T09:11:29.887+01:00,Resource14,complete
case-10225,T06 Determine necessity of stop advice,2011-12-07T10:01:02.208+01:00,Resource14,complete
case-10225,T02 Check confirmation of receipt,2011-12-07T10:04:22.794+01:00,Resource14,complete
case-10225,T04 Determine confirmation of receipt,2011-12-07T10:05:05.939+01:00,Resource14,complete
case-10225,T05 Print and send confirmation of receipt,2011-12-07T10:05:36.523+01:00,Resource14,complete
case-10225,T10 Determine necessity to stop indication,2011-12-07T10:16:31.803+01:00,Resource14,complete
case-10228,Confirmation of receipt,2011-10-31T10:14:35.980+01:00,admin2,complete
case-10232,Confirmation of receipt,2011-12-07T12:16:57.518+01:00,Resource16,complete
case-10232,T02 Check confirmation of receipt,2011-12-07T12:20:41.121+01:00,Resource16,complete
case-10232,T04 Determine confirmation of receipt,2011-12-07T12:21:05.443+01:00,Resource16,complete
case-10232,T05 Print and send confirmation of receipt,2011-12-07T12:21:28.467+01:00,Resource16,complete
case-10232,T06 Determine necessity of stop advice,2011-12-07T12:21:51.193+01:00,Resource16,complete
case-10232,T10 Determine necessity to stop indication,2011-12-07T12:22:21.436+01:00,Resource16,complete
case-10244,Confirmation of receipt,2011-11-02T16:13:16.366+01:00,admin2,complete
case-10259,Confirmation of receipt,2011-12-07T14:16:30.384+01:00,admin2,complete
case-10263,Confirmation of receipt,2011-11-18T14:15:19.355+01:00,Resource12,complete
case-10263,T02 Check confirmation of receipt,2011-11-18T14:15:51.435+01:00,Resource12,complete
case-10263,T04 Determine confirmation of receipt,2011-11-18T14:17:30.382+01:00,Resource12,complete
case-10263,T06 Determine necessity of stop advice,2011-11-29T14:23:32.990+01:00,Resource12,complete
case-10263,T05 Print and send confirmation of receipt,2011-11-30T12:02:03.222+01:00,Resource27,complete
case-10266,Confirmation of receipt,2011-11-15T11:45:03.544+01:00,admin2,complete
case-10273,Confirmation of receipt,2011-12-09T10:19:25.642+01:00,admin2,complete
case-10284,Confirmation of receipt,2011-11-09T10:10:47.105+01:00,Resource03,complete
case-10284,T06 Determine necessity of stop advice,2011-11-09T10:11:19.508+01:00,Resource03,complete
case-10284,T02 Check confirmation of receipt,2011-11-09T10:11:49.422+01:00,Resource03,complete
case-10284,T04 Determine confirmation of receipt,2011-11-09T10:12:31.413+01:00,Resource03,complete
case-10284,T05 Print and send confirmation of receipt,2011-11-09T10:17:20.992+01:00,Resource03,complete
case-10284,T10 Determine necessity to stop indication,2011-11-09T10:17:42.795+01:00,Resource03,complete
case-10286,Confirmation of receipt,2011-11-09T09:19:20.905+01:00,Resource03,complete
case-10286,T02 Check confirmation of receipt,2011-11-09T09:22:21.141+01:00,Resource03,complete
case-10286,T04 Determine confirmation of receipt,2011-11-09T09:22:39.816+01:00,Resource03,complete
case-10286,T05 Print and send confirmation of receipt,2011-11-09T09:22:57.042+01:00,Resource03,complete
case-10286,T06 Determine necessity of stop advice,2011-11-09T09:23:13.487+01:00,Resource03,complete
case-10286,T10 Determine necessity to stop indication,2011-11-09T09:31:00.488+01:00,Resource03,complete
case-10287,Confirmation of receipt,2011-11-09T10:36:08.748+01:00,Resource03,complete
case-10287,T02 Check confirmation of receipt,2011-11-09T10:36:27.973+01:00,Resource03,complete
case-10287,T04 Determine confirmation of receipt,2011-11-09T10:36:44.917+01:00,Resource03,complete
case-10287,T05 Print and send confirmation of receipt,2011-11-09T10:36:59.330+01:00,Resource03,complete
case-10287,T06 Determine necessity of stop advice,2011-11-09T10:37:15.027+01:00,Resource03,complete
case-10287,T10 Determine necessity to stop indication,2011-11-09T10:37:34.862+01:00,Resource03,complete
case-10289,Confirmation of receipt,2011-11-10T11:33:31.398+01:00,Resource06,complete
case-10289,T02 Check confirmation of receipt,2011-11-10T11:37:51.725+01:00,Resource06,complete
case-10289,T04 Determine confirmation of receipt,2011-11-10T11:38:11.514+01:00,Resource06,complete
case-10289,T05 Print and send confirmation of receipt,2011-11-10T11:38:30.166+01:00,Resource06,complete
case-10289,T06 Determine necessity of stop advice,2011-11-10T11:39:49.369+01:00,Resource06,complete
case-10289,T10 Determine necessity to stop indication,2011-11-10T11:40:42.373+01:00,Resource06,complete
case-10291,Confirmation of receipt,2011-11-17T15:25:46.106+01:00,admin2,complete
case-10297,Confirmation of receipt,2011-11-09T12:23:28.314+01:00,Resource21,complete
case-10297,T02 Check confirmation of receipt,2011-11-09T12:23:55.292+01:00,Resource21,complete
case-10297,T04 Determine confirmation of receipt,2011-11-09T12:24:19.850+01:00,Resource21,complete
case-10297,T05 Print and send confirmation of receipt,2011-11-09T12:24:37.827+01:00,Resource21,complete
case-10297,T06 Determine necessity of stop advice,2011-11-09T12:42:02.828+01:00,Resource21,complete
case-10297,T10 Determine necessity to stop indication,2011-11-09T12:42:35.139+01:00,Resource21,complete
case-10299,Confirmation of receipt,2011-11-09T11:01:38.475+01:00,Resource03,complete
case-10299,T02 Check confirmation of receipt,2011-11-09T11:01:59.252+01:00,Resource03,complete
case-10299,T04 Determine confirmation of receipt,2011-11-09T11:02:18.044+01:00,Resource03,complete
case-10299,T05 Print and send confirmation of receipt,2011-11-09T11:02:37.096+01:00,Resource03,complete
case-10299,T06 Determine necessity of stop advice,2011-11-09T11:03:10.328+01:00,Resource03,complete
case-10299,T10 Determine necessity to stop indication,2011-11-09T11:03:41.390+01:00,Resource03,complete
case-10300,Confirmation of receipt,2011-11-10T10:34:14.137+01:00,Resource03,complete
case-10300,T02 Check confirmation of receipt,2011-11-10T10:34:33.033+01:00,Resource03,complete
case-10300,T04 Determine confirmation of receipt,2011-11-10T10:34:50.827+01:00,Resource03,complete
case-10300,T05 Print and send confirmation of receipt,2011-11-10T10:35:08.823+01:00,Resource03,complete
case-10300,T06 Determine necessity of stop advice,2011-11-10T10:35:24.410+01:00,Resource03,complete
case-10300,T10 Determine necessity to stop indication,2011-11-10T10:35:48.129+01:00,Resource03,complete
case-10306,Confirmation of receipt,2011-12-21T13:52:38.616+01:00,admin2,complete
case-10322,Confirmation of receipt,2011-11-15T08:52:21.307+01:00,Resource03,complete
case-10322,T02 Check confirmation of receipt,2011-11-15T08:53:38.329+01:00,Resource03,complete
case-10322,T04 Determine confirmation of receipt,2011-11-15T08:54:00.462+01:00,Resource03,complete
case-10322,T05 Print and send confirmation of receipt,2011-11-15T08:54:14.252+01:00,Resource03,complete
case-10322,T06 Determine necessity of stop advice,2011-11-15T08:54:28.851+01:00,Resource03,complete
case-10322,T10 Determine necessity to stop indication,2011-11-15T08:54:50.336+01:00,Resource03,complete
case-10324,Confirmation of receipt,2011-11-04T13:05:32.854+01:00,Resource26,complete
case-10324,T06 Determine necessity of stop advice,2011-11-08T11:03:26.870+01:00,Resource26,complete
case-10324,T07-1 Draft intern advice aspect 1,2011-12-12T12:12:42.140+01:00,Resource24,complete
case-10326,Confirmation of receipt,2011-11-30T15:55:18.032+01:00,Resource09,complete
case-10326,T02 Check confirmation of receipt,2011-11-30T15:56:06.840+01:00,Resource09,complete
case-10326,T04 Determine confirmation of receipt,2011-11-30T15:57:16.513+01:00,Resource09,complete
case-10326,T05 Print and send confirmation of receipt,2011-11-30T15:57:41.635+01:00,Resource09,complete
case-10326,T06 Determine necessity of stop advice,2011-11-30T15:58:23.761+01:00,Resource09,complete
case-10326,T10 Determine necessity to stop indication,2011-11-30T16:04:43.684+01:00,Resource09,complete
case-10336,Confirmation of receipt,2011-11-17T15:56:50.215+01:00,Resource03,complete
case-10336,T02 Check confirmation of receipt,2011-11-17T15:57:14.361+01:00,Resource03,complete
case-10336,T04 Determine confirmation of receipt,2011-11-17T15:57:53.421+01:00,Resource03,complete
case-10336,T05 Print and send confirmation of receipt,2011-11-17T15:58:15.308+01:00,Resource03,complete
case-10336,T06 Determine necessity of stop advice,2011-11-17T15:58:38.333+01:00,Resource03,complete
case-10336,T10 Determine necessity to stop indication,2011-11-17T15:59:46.294+01:00,Resource03,complete
case-10339,Confirmation of receipt,2011-11-14T13:52:08.621+01:00,Resource06,complete
case-10339,T02 Check confirmation of receipt,2011-11-14T13:55:13.723+01:00,Resource06,complete
case-10339,T04 Determine confirmation of receipt,2011-11-14T13:55:44.472+01:00,Resource06,complete
case-10339,T05 Print and send confirmation of receipt,2011-11-14T13:56:07.190+01:00,Resource06,complete
case-10339,T06 Determine necessity of stop advice,2011-11-14T13:57:03.737+01:00,Resource06,complete
case-10339,T10 Determine necessity to stop indication,2011-11-14T13:57:28.105+01:00,Resource06,complete
case-10350,Confirmation of receipt,2011-11-10T15:10:55.045+01:00,Resource03,complete
case-10350,T02 Check confirmation of receipt,2011-11-10T15:11:15.596+01:00,Resource03,complete
case-10350,T04 Determine confirmation of receipt,2011-11-10T15:11:31.757+01:00,Resource03,complete
case-10350,T05 Print and send confirmation of receipt,2011-11-10T15:11:46.581+01:00,Resource03,complete
case-10350,T06 Determine necessity of stop advice,2011-11-10T15:12:02.898+01:00,Resource03,complete
case-10350,T10 Determine necessity to stop indication,2011-11-10T15:12:27.629+01:00,Resource03,complete
case-10352,Confirmation of receipt,2011-11-14T10:50:37.798+01:00,Resource20,complete
case-10352,T02 Check confirmation of receipt,2011-11-14T10:51:38.023+01:00,Resource20,complete
case-10352,T04 Determine confirmation of receipt,2011-11-14T11:59:27.024+01:00,Resource20,complete
case-10352,T05 Print and send confirmation of receipt,2011-11-14T12:00:15.861+01:00,Resource20,complete
case-10352,T06 Determine necessity of stop advice,2011-11-14T12:00:44.335+01:00,Resource20,complete
case-10352,T10 Determine necessity to stop indication,2011-11-14T12:01:17.656+01:00,Resource20,complete
case-10354,Confirmation of receipt,2011-11-07T08:48:39.290+01:00,admin2,complete
case-10357,Confirmation of receipt,2011-11-09T11:29:46.788+01:00,Resource06,complete
case-10357,T02 Check confirmation of receipt,2011-11-09T11:30:08.582+01:00,Resource06,complete
case-10357,T04 Determine confirmation of receipt,2011-11-09T11:30:27.273+01:00,Resource06,complete
case-10357,T05 Print and send confirmation of receipt,2011-11-09T11:30:44.331+01:00,Resource06,complete
case-10357,T06 Determine necessity of stop advice,2011-11-09T11:31:04.655+01:00,Resource06,complete
case-10357,T10 Determine necessity to stop indication,2011-11-09T11:31:33.707+01:00,Resource06,complete
case-10357,T11 Create document X request unlicensed,2011-11-09T11:34:00.271+01:00,Resource06,complete
case-10357,T12 Check document X request unlicensed,2011-11-09T11:40:14.529+01:00,Resource06,complete
case-10357,T14 Determine document X request unlicensed,2011-11-09T11:40:39.482+01:00,Resource06,complete
case-10357,T15 Print document X request unlicensed,2011-11-14T09:21:48.805+01:00,admin1,complete
case-10360,Confirmation of receipt,2011-12-05T09:42:18.947+01:00,admin2,complete
case-10375,Confirmation of receipt,2011-11-17T14:30:18.360+01:00,Resource14,complete
case-10375,T02 Check confirmation of receipt,2011-11-17T14:48:22.100+01:00,Resource14,complete
case-10375,T04 Determine confirmation of receipt,2011-11-17T14:49:24.984+01:00,Resource14,complete
case-10375,T05 Print and send confirmation of receipt,2011-11-17T14:49:44.706+01:00,Resource14,complete
case-10375,T06 Determine necessity of stop advice,2011-11-17T15:23:53.401+01:00,Resource14,complete
case-10375,T10 Determine necessity to stop indication,2011-11-17T15:24:32.419+01:00,Resource14,complete
case-10378,Confirmation of receipt,2011-11-08T12:51:26.998+01:00,Resource06,complete
case-10378,T02 Check confirmation of receipt,2011-11-08T12:51:49.834+01:00,Resource06,complete
case-10378,T04 Determine confirmation of receipt,2011-11-08T12:52:07.613+01:00,Resource06,complete
case-10378,T05 Print and send confirmation of receipt,2011-11-08T12:52:24.716+01:00,Resource06,complete
case-10378,T06 Determine necessity of stop advice,2011-11-08T12:52:43.378+01:00,Resource06,complete
case-10378,T10 Determine necessity to stop indication,2011-11-08T12:53:03.885+01:00,Resource06,complete
case-10384,Confirmation of receipt,2011-11-25T11:17:52.239+01:00,Resource23,complete
case-10384,T02 Check confirmation of receipt,2011-11-25T11:18:56.984+01:00,Resource23,complete
case-10384,T04 Determine confirmation of receipt,2011-11-25T11:19:28.587+01:00,Resource23,complete
case-10384,T05 Print and send confirmation of receipt,2011-11-25T11:19:51.210+01:00,Resource23,complete
case-10384,T06 Determine necessity of stop advice,2011-11-25T11:22:40.036+01:00,Resource23,complete
case-10384,T10 Determine necessity to stop indication,2011-11-25T11:23:04.911+01:00,Resource23,complete
case-10392,Confirmation of receipt,2011-11-18T09:09:30.172+01:00,Resource03,complete
case-10392,T02 Check confirmation of receipt,2011-11-18T09:09:49.213+01:00,Resource03,complete
case-10392,T04 Determine confirmation of receipt,2011-11-18T09:18:08.748+01:00,Resource03,complete
case-10392,T05 Print and send confirmation of receipt,2011-11-18T09:18:24.008+01:00,Resource03,complete
case-10392,T06 Determine necessity of stop advice,2011-11-18T09:18:39.882+01:00,Resource03,complete
case-10392,T10 Determine necessity to stop indication,2011-11-18T09:19:13.974+01:00,Resource03,complete
case-10392,T16 Report reasons to hold request,2011-11-18T09:19:33.548+01:00,Resource03,complete
case-10392,T17 Check report Y to stop indication,2011-11-18T09:19:51.377+01:00,Resource03,complete
case-10392,T19 Determine report Y to stop indication,2011-11-18T09:21:19.608+01:00,Resource03,complete
case-10392,T20 Print report Y to stop indication,2011-11-18T09:21:34.851+01:00,Resource03,complete
case-10394,Confirmation of receipt,2011-12-07T15:44:35.181+01:00,admin2,complete
case-10407,Confirmation of receipt,2011-11-14T12:58:01.365+01:00,Resource20,complete
case-10407,T02 Check confirmation of receipt,2011-11-14T12:58:28.781+01:00,Resource20,complete
case-10407,T04 Determine confirmation of receipt,2011-11-14T13:06:50.609+01:00,Resource20,complete
case-10407,T05 Print and send confirmation of receipt,2011-11-14T13:07:46.421+01:00,Resource20,complete
case-10407,T06 Determine necessity of stop advice,2011-11-14T13:09:12.841+01:00,Resource20,complete
case-10407,T10 Determine necessity to stop indication,2011-11-14T13:09:55.809+01:00,Resource20,complete
case-10410,Confirmation of receipt,2011-11-30T14:46:15.565+01:00,Resource09,complete
case-10410,T02 Check confirmation of receipt,2011-11-30T14:47:01.891+01:00,Resource09,complete
case-10410,T04 Determine confirmation of receipt,2011-11-30T14:47:52.207+01:00,Resource09,complete
case-10410,T05 Print and send confirmation of receipt,2011-11-30T14:48:46.418+01:00,Resource09,complete
case-10410,T06 Determine necessity of stop advice,2011-11-30T16:32:41.199+01:00,Resource09,complete
case-10410,T10 Determine necessity to stop indication,2011-11-30T16:34:56.762+01:00,Resource09,complete
case-10459,Confirmation of receipt,2011-11-22T14:30:37.731+01:00,Resource08,complete
case-10459,T02 Check confirmation of receipt,2011-11-22T14:32:58.478+01:00,Resource08,complete
case-10459,T04 Determine confirmation of receipt,2011-11-22T14:38:58.795+01:00,Resource08,complete
case-10459,T05 Print and send confirmation of receipt,2011-11-22T14:41:49.850+01:00,Resource08,complete
case-10459,T06 Determine necessity of stop advice,2011-11-22T14:45:24.199+01:00,Resource08,complete
case-10459,T10 Determine necessity to stop indication,2011-11-22T14:45:46.562+01:00,Resource08,complete
case-10460,Confirmation of receipt,2011-11-22T15:03:05.355+01:00,Resource20,complete
case-10460,T02 Check confirmation of receipt,2011-11-22T15:03:37.543+01:00,Resource20,complete
case-10460,T04 Determine confirmation of receipt,2011-11-22T15:03:59.803+01:00,Resource20,complete
case-10460,T05 Print and send confirmation of receipt,2011-11-22T15:04:51.662+01:00,Resource20,complete
case-10460,T06 Determine necessity of stop advice,2011-11-22T15:09:28.407+01:00,Resource20,complete
case-10460,T10 Determine necessity to stop indication,2011-11-22T15:35:03.653+01:00,Resource20,complete
case-10461,Confirmation of receipt,2011-11-18T09:53:38.081+01:00,Resource03,complete
case-10461,T02 Check confirmation of receipt,2011-11-18T09:54:05.458+01:00,Resource03,complete
case-10461,T04 Determine confirmation of receipt,2011-11-18T09:54:20.930+01:00,Resource03,complete
case-10461,T05 Print and send confirmation of receipt,2011-11-18T09:54:54.994+01:00,Resource03,complete
case-10461,T06 Determine necessity of stop advice,2011-11-18T09:55:15.110+01:00,Resource03,complete
case-10461,T10 Determine necessity to stop indication,2011-11-18T09:55:50.240+01:00,Resource03,complete
case-10461,T16 Report reasons to hold request,2011-11-18T09:56:06.771+01:00,Resource03,complete
case-10461,T17 Check report Y to stop indication,2011-11-18T09:56:27.350+01:00,Resource03,complete
case-10461,T19 Determine report Y to stop indication,2011-11-18T09:56:44.304+01:00,Resource03,complete
case-10461,T20 Print report Y to stop indication,2011-11-18T09:56:58.025+01:00,Resource03,complete
case-10463,Confirmation of receipt,2011-11-25T16:09:50.422+01:00,Resource06,complete
case-10463,T02 Check confirmation of receipt,2011-11-25T16:10:19.837+01:00,Resource06,complete
case-10463,T04 Determine confirmation of receipt,2011-11-25T16:10:39.345+01:00,Resource06,complete
case-10463,T05 Print and send confirmation of receipt,2011-11-25T16:10:54.528+01:00,Resource06,complete
case-10463,T06 Determine necessity of stop advice,2011-11-25T16:15:35.699+01:00,Resource06,complete
case-10463,T10 Determine necessity to stop indication,2011-11-25T16:15:57.008+01:00,Resource06,complete
case-10464,Confirmation of receipt,2011-12-15T14:10:18.508+01:00,Resource09,complete
case-10464,T06 Determine necessity of stop advice,2011-12-15T14:10:56.673+01:00,Resource09,complete
case-10464,T10 Determine necessity to stop indication,2011-12-15T14:12:14.656+01:00,Resource09,complete
case-10464,T02 Check confirmation of receipt,2011-12-15T14:19:41.933+01:00,Resource09,complete
case-10464,T04 Determine confirmation of receipt,2011-12-15T14:22:32.946+01:00,Resource09,complete
case-10464,T05 Print and send confirmation of receipt,2011-12-15T14:25:00.655+01:00,Resource09,complete
case-10472,Confirmation of receipt,2011-11-17T16:42:14.396+01:00,Resource03,complete
case-10472,T02 Check confirmation of receipt,2011-11-17T16:42:35.975+01:00,Resource03,complete
case-10472,T04 Determine confirmation of receipt,2011-11-17T16:42:51.761+01:00,Resource03,complete
case-10472,T05 Print and send confirmation of receipt,2011-11-17T16:43:05.721+01:00,Resource03,complete
case-10472,T06 Determine necessity of stop advice,2011-11-17T16:43:24.256+01:00,Resource03,complete
case-10472,T10 Determine necessity to stop indication,2011-11-17T16:43:45.101+01:00,Resource03,complete
case-10473,Confirmation of receipt,2011-11-15T11:50:45.760+01:00,Resource06,complete
case-10473,T02 Check confirmation of receipt,2011-11-15T11:51:37.240+01:00,Resource06,complete
case-10473,T04 Determine confirmation of receipt,2011-11-15T11:51:56.604+01:00,Resource06,complete
case-10473,T05 Print and send confirmation of receipt,2011-11-15T11:52:14.927+01:00,Resource06,complete
case-10473,T06 Determine necessity of stop advice,2011-11-15T11:52:55.810+01:00,Resource06,complete
case-10473,T10 Determine necessity to stop indication,2011-11-15T11:53:23.792+01:00,Resource06,complete
case-10474,Confirmation of receipt,2011-11-28T09:15:12.675+01:00,Resource06,complete
case-10474,T02 Check confirmation of receipt,2011-11-28T09:31:16.975+01:00,Resource06,complete
case-10474,T04 Determine confirmation of receipt,2011-11-28T09:31:39.371+01:00,Resource06,complete
case-10474,T05 Print and send confirmation of receipt,2011-11-28T09:31:58.732+01:00,Resource06,complete
case-10474,T06 Determine necessity of stop advice,2011-11-28T09:32:25.848+01:00,Resource06,complete
case-10474,T10 Determine necessity to stop indication,2011-11-28T09:32:46.412+01:00,Resource06,complete
case-10479,Confirmation of receipt,2011-11-18T10:39:14.337+01:00,Resource03,complete
case-10479,T02 Check confirmation of receipt,2011-11-18T10:39:34.311+01:00,Resource03,complete
case-10479,T04 Determine confirmation of receipt,2011-11-18T10:58:40.012+01:00,Resource03,complete
case-10479,T05 Print and send confirmation of receipt,2011-11-18T11:13:53.173+01:00,Resource03,complete
case-10479,T06 Determine necessity of stop advice,2011-11-18T11:14:23.398+01:00,admin2,complete
case-10483,Confirmation of receipt,2012-01-09T11:31:41.636+01:00,Resource02,complete
case-10483,T02 Check confirmation of receipt,2012-01-09T11:32:15.732+01:00,Resource02,complete
case-10483,T04 Determine confirmation of receipt,2012-01-09T11:32:51.848+01:00,Resource02,complete
case-10483,T05 Print and send confirmation of receipt,2012-01-09T11:33:18.309+01:00,Resource02,complete
case-10484,Confirmation of receipt,2012-01-09T12:11:30.587+01:00,Resource02,complete
case-10484,T02 Check confirmation of receipt,2012-01-09T12:12:07.726+01:00,Resource02,complete
case-10484,T04 Determine confirmation of receipt,2012-01-09T12:12:57.161+01:00,Resource02,complete
case-10484,T05 Print and send confirmation of receipt,2012-01-09T12:13:51.633+01:00,Resource02,complete
case-10487,Confirmation of receipt,2011-11-18T12:02:46.930+01:00,Resource03,complete
case-10487,T02 Check confirmation of receipt,2011-11-18T12:03:07.303+01:00,Resource03,complete
case-10487,T04 Determine confirmation of receipt,2011-11-18T12:03:27.687+01:00,Resource03,complete
case-10487,T05 Print and send confirmation of receipt,2011-11-18T12:03:42.380+01:00,Resource03,complete
case-10487,T06 Determine necessity of stop advice,2011-11-18T12:04:04.405+01:00,Resource03,complete
case-10487,T10 Determine necessity to stop indication,2011-11-18T12:04:25.848+01:00,Resource03,complete
case-10489,Confirmation of receipt,2011-12-01T14:44:04.954+01:00,Resource02,complete
case-10489,T02 Check confirmation of receipt,2011-12-01T14:44:34.050+01:00,Resource02,complete
case-10489,T04 Determine confirmation of receipt,2011-12-01T14:44:57.380+01:00,Resource02,complete
case-10489,T05 Print and send confirmation of receipt,2011-12-01T14:45:21.242+01:00,Resource02,complete
case-10489,T06 Determine necessity of stop advice,2011-12-01T14:47:15.322+01:00,Resource02,complete
case-10489,T10 Determine necessity to stop indication,2011-12-01T14:47:58.903+01:00,Resource02,complete
case-10492,Confirmation of receipt,2011-11-22T09:52:39.368+01:00,Resource03,complete
case-10492,T02 Check confirmation of receipt,2011-11-22T09:53:28.689+01:00,Resource03,complete
case-10492,T04 Determine confirmation of receipt,2011-11-22T09:53:51.826+01:00,Resource03,complete
case-10492,T05 Print and send confirmation of receipt,2011-11-22T09:54:27.929+01:00,Resource03,complete
case-10492,T06 Determine necessity of stop advice,2011-11-22T09:55:09.933+01:00,Resource03,complete
case-10492,T10 Determine necessity to stop indication,2011-11-22T09:55:54.193+01:00,Resource03,complete
case-10497,Confirmation of receipt,2011-11-18T14:15:41.322+01:00,Resource03,complete
case-10497,T02 Check confirmation of receipt,2011-11-18T14:16:05.061+01:00,Resource03,complete
case-10497,T04 Determine confirmation of receipt,2011-11-18T14:16:21.225+01:00,Resource03,complete
case-10497,T05 Print and send confirmation of receipt,2011-11-18T14:17:48.146+01:00,Resource03,complete
case-10497,T06 Determine necessity of stop advice,2011-11-18T14:18:13.728+01:00,Resource03,complete
case-10497,T10 Determine necessity to stop indication,2011-11-18T14:18:48.561+01:00,Resource03,complete
case-10498,Confirmation of receipt,2011-11-18T14:41:16.794+01:00,Resource03,complete
case-10498,T02 Check confirmation of receipt,2011-11-18T14:41:39.728+01:00,Resource03,complete
case-10498,T04 Determine confirmation of receipt,2011-11-18T14:41:55.081+01:00,Resource03,complete
case-10498,T05 Print and send confirmation of receipt,2011-11-18T14:42:12.895+01:00,Resource03,complete
case-10498,T06 Determine necessity of stop advice,2011-11-18T14:54:15.830+01:00,Resource03,complete
case-10498,T10 Determine necessity to stop indication,2011-11-18T15:01:23.990+01:00,Resource03,complete
case-10499,Confirmation of receipt,2011-11-18T15:22:24.611+01:00,Resource03,complete
case-10499,T02 Check confirmation of receipt,2011-11-18T15:22:42.192+01:00,Resource03,complete
case-10499,T04 Determine confirmation of receipt,2011-11-18T15:22:57.393+01:00,Resource03,complete
case-10499,T05 Print and send confirmation of receipt,2011-11-18T15:23:20.869+01:00,Resource03,complete
case-10499,T06 Determine necessity of stop advice,2011-11-18T15:23:34.611+01:00,Resource03,complete
case-10499,T10 Determine necessity to stop indication,2011-11-18T15:24:52.767+01:00,Resource03,complete
case-10502,Confirmation of receipt,2011-12-15T11:25:23.298+01:00,Resource13,complete
case-10502,T02 Check confirmation of receipt,2011-12-15T11:26:04.272+01:00,Resource13,complete
case-10502,T04 Determine confirmation of receipt,2011-12-15T11:26:41.370+01:00,Resource13,complete
case-10502,T05 Print and send confirmation of receipt,2011-12-15T11:27:17.646+01:00,Resource13,complete
case-10502,T06 Determine necessity of stop advice,2011-12-15T11:29:36.267+01:00,Resource13,complete
case-10502,T10 Determine necessity to stop indication,2011-12-15T11:30:06.832+01:00,Resource13,complete
case-10509,Confirmation of receipt,2011-11-28T09:50:57.605+01:00,Resource05,complete
case-10509,T06 Determine necessity of stop advice,2011-11-28T09:51:19.170+01:00,Resource05,complete
case-10509,T02 Check confirmation of receipt,2011-11-28T09:51:59.079+01:00,Resource05,complete
case-10509,T04 Determine confirmation of receipt,2011-11-28T09:52:31.415+01:00,Resource05,complete
case-10509,T05 Print and send confirmation of receipt,2011-11-28T09:52:48.615+01:00,Resource05,complete
case-10509,T10 Determine necessity to stop indication,2011-11-28T09:53:34.153+01:00,Resource05,complete
case-10511,Confirmation of receipt,2011-11-17T15:11:00.004+01:00,Resource03,complete
case-10511,T02 Check confirmation of receipt,2011-11-17T15:11:23.105+01:00,Resource03,complete
case-10511,T04 Determine confirmation of receipt,2011-11-17T15:11:43.109+01:00,Resource03,complete
case-10511,T05 Print and send confirmation of receipt,2011-11-17T15:12:03.851+01:00,Resource03,complete
case-10511,T06 Determine necessity of stop advice,2011-11-17T15:16:28.264+01:00,Resource03,complete
case-10511,T10 Determine necessity to stop indication,2011-11-17T15:16:57.113+01:00,Resource03,complete
case-10512,Confirmation of receipt,2011-11-30T21:02:08.700+01:00,Resource13,complete
case-10512,T02 Check confirmation of receipt,2011-11-30T21:02:49.223+01:00,Resource13,complete
case-10512,T04 Determine confirmation of receipt,2011-11-30T21:03:54.644+01:00,Resource13,complete
case-10512,T05 Print and send confirmation of receipt,2011-11-30T21:04:57.092+01:00,Resource13,complete
case-10512,T06 Determine necessity of stop advice,2011-11-30T21:05:25.227+01:00,Resource13,complete
case-10512,T10 Determine necessity to stop indication,2011-11-30T21:05:48.871+01:00,Resource13,complete
case-10514,Confirmation of receipt,2011-12-22T12:44:26.417+01:00,Resource09,complete
case-10514,T02 Check confirmation of receipt,2011-12-22T12:45:02.538+01:00,Resource09,complete
case-10514,T04 Determine confirmation of receipt,2011-12-22T12:45:30.961+01:00,Resource09,complete
case-10514,T06 Determine necessity of stop advice,2011-12-22T12:46:05.225+01:00,Resource09,complete
case-10514,T10 Determine necessity to stop indication,2011-12-22T12:46:51.746+01:00,Resource09,complete
case-10514,T05 Print and send confirmation of receipt,2011-12-22T12:47:21.763+01:00,Resource09,complete
case-10517,Confirmation of receipt,2011-11-24T15:28:31.455+01:00,Resource01,complete
case-10517,T02 Check confirmation of receipt,2011-11-24T15:28:49.749+01:00,Resource01,complete
case-10517,T04 Determine confirmation of receipt,2011-11-24T15:29:09.116+01:00,Resource01,complete
case-10517,T05 Print and send confirmation of receipt,2011-11-24T15:29:25.785+01:00,Resource01,complete
case-10517,T06 Determine necessity of stop advice,2011-11-24T15:29:52.922+01:00,Resource01,complete
case-10517,T10 Determine necessity to stop indication,2011-11-24T15:30:19.049+01:00,Resource01,complete
case-10526,Confirmation of receipt,2011-11-24T15:17:03.683+01:00,Resource01,complete
case-10526,T06 Determine necessity of stop advice,2011-11-24T15:17:28.049+01:00,Resource01,complete
case-10526,T02 Check confirmation of receipt,2011-11-24T15:17:45.367+01:00,Resource01,complete
case-10526,T04 Determine confirmation of receipt,2011-11-24T15:18:11.416+01:00,Resource01,complete
case-10526,T05 Print and send confirmation of receipt,2011-11-24T15:18:29.633+01:00,Resource01,complete
case-10526,T10 Determine necessity to stop indication,2011-11-24T15:18:46.116+01:00,Resource01,complete
case-10541,Confirmation of receipt,2011-11-24T11:39:46.582+01:00,Resource08,complete
case-10541,T02 Check confirmation of receipt,2011-11-24T11:46:52.160+01:00,Resource08,complete
case-10541,T04 Determine confirmation of receipt,2011-11-24T11:48:07.308+01:00,Resource08,complete
case-10541,T05 Print and send confirmation of receipt,2011-11-24T11:48:40.018+01:00,Resource08,complete
case-10541,T06 Determine necessity of stop advice,2011-11-24T11:53:15.660+01:00,Resource08,complete
case-10541,T10 Determine necessity to stop indication,2011-11-24T12:10:33.205+01:00,Resource08,complete
case-10542,Confirmation of receipt,2012-01-17T11:24:14.147+01:00,Resource02,complete
case-10542,T02 Check confirmation of receipt,2012-01-17T11:24:50.099+01:00,Resource02,complete
case-10542,T04 Determine confirmation of receipt,2012-01-17T11:25:40.715+01:00,Resource02,complete
case-10542,T05 Print and send confirmation of receipt,2012-01-17T11:26:47.870+01:00,Resource02,complete
case-10546,Confirmation of receipt,2011-11-24T15:18:50.269+01:00,Resource08,complete
case-10546,T02 Check confirmation of receipt,2011-11-24T15:20:34.623+01:00,Resource08,complete
case-10546,T04 Determine confirmation of receipt,2011-11-24T15:21:12.700+01:00,Resource08,complete
case-10546,T05 Print and send confirmation of receipt,2011-11-24T15:22:56.138+01:00,Resource08,complete
case-10546,T06 Determine necessity of stop advice,2011-11-24T15:24:35.976+01:00,Resource08,complete
case-10546,T10 Determine necessity to stop indication,2011-11-28T10:22:58.669+01:00,Resource08,complete
case-10550,Confirmation of receipt,2011-11-22T13:48:53.252+01:00,Resource20,complete
case-10550,T02 Check confirmation of receipt,2011-11-22T13:49:20.353+01:00,Resource20,complete
case-10550,T04 Determine confirmation of receipt,2011-11-22T13:49:42.964+01:00,Resource20,complete
case-10550,T05 Print and send confirmation of receipt,2011-11-22T13:50:08.478+01:00,Resource20,complete
case-10550,T06 Determine necessity of stop advice,2011-11-22T13:50:35.789+01:00,Resource20,complete
case-10550,T10 Determine necessity to stop indication,2011-11-22T13:50:57.789+01:00,Resource20,complete
case-10551,Confirmation of receipt,2012-01-11T12:00:05.791+01:00,Resource09,complete
case-10551,T06 Determine necessity of stop advice,2012-01-11T12:00:53.694+01:00,Resource09,complete
case-10551,T10 Determine necessity to stop indication,2012-01-11T12:01:55.141+01:00,Resource09,complete
case-10551,T02 Check confirmation of receipt,2012-01-11T12:02:51.856+01:00,Resource09,complete
case-10551,T04 Determine confirmation of receipt,2012-01-11T12:04:31.551+01:00,Resource09,complete
case-10551,T05 Print and send confirmation of receipt,2012-01-11T12:05:14.491+01:00,Resource09,complete
case-10555,Confirmation of receipt,2011-11-24T14:48:48.674+01:00,Resource01,complete
case-10555,T02 Check confirmation of receipt,2011-11-24T14:49:31.532+01:00,Resource01,complete
case-10555,T04 Determine confirmation of receipt,2011-11-24T14:50:11.471+01:00,Resource01,complete
case-10555,T05 Print and send confirmation of receipt,2011-11-24T14:50:42.141+01:00,Resource01,complete
case-10555,T06 Determine necessity of stop advice,2011-11-24T14:50:57.458+01:00,Resource01,complete
case-10555,T10 Determine necessity to stop indication,2011-11-24T14:51:29.552+01:00,Resource01,complete
case-10563,Confirmation of receipt,2011-11-22T11:56:11.144+01:00,admin2,complete
case-10564,Confirmation of receipt,2011-12-08T14:15:29.375+01:00,Resource09,complete
case-10564,T02 Check confirmation of receipt,2011-12-08T14:16:06.431+01:00,Resource09,complete
case-10564,T04 Determine confirmation of receipt,2011-12-08T14:16:42.668+01:00,Resource09,complete
case-10564,T05 Print and send confirmation of receipt,2011-12-08T14:17:07.988+01:00,Resource09,complete
case-10564,T06 Determine necessity of stop advice,2011-12-08T14:17:39.570+01:00,Resource09,complete
case-10564,T10 Determine necessity to stop indication,2011-12-08T14:40:56.319+01:00,Resource09,complete
case-10571,Confirmation of receipt,2011-12-09T10:15:04.933+01:00,admin2,complete
case-10575,Confirmation of receipt,2011-12-01T08:33:35.361+01:00,Resource16,complete
case-10575,T02 Check confirmation of receipt,2011-12-01T08:34:01.593+01:00,Resource16,complete
case-10575,T04 Determine confirmation of receipt,2011-12-01T08:34:49.023+01:00,Resource16,complete
case-10575,T05 Print and send confirmation of receipt,2011-12-01T08:36:40.264+01:00,Resource16,complete
case-10575,T06 Determine necessity of stop advice,2011-12-01T08:37:42.825+01:00,Resource16,complete
case-10575,T10 Determine necessity to stop indication,2011-12-01T08:38:10.344+01:00,Resource16,complete
case-10576,Confirmation of receipt,2011-11-24T14:30:50.714+01:00,Resource01,complete
case-10576,T06 Determine necessity of stop advice,2011-11-24T14:31:22.728+01:00,Resource01,complete
case-10576,T02 Check confirmation of receipt,2011-11-24T14:31:48.853+01:00,Resource01,complete
case-10576,T04 Determine confirmation of receipt,2011-11-24T14:32:07.053+01:00,Resource01,complete
case-10576,T05 Print and send confirmation of receipt,2011-11-24T14:32:23.408+01:00,Resource01,complete
case-10576,T10 Determine necessity to stop indication,2011-11-24T14:32:46.077+01:00,Resource01,complete
case-10582,Confirmation of receipt,2011-11-24T09:15:49.144+01:00,admin2,complete
case-10583,Confirmation of receipt,2011-12-15T14:42:52.507+01:00,Resource09,complete
case-10583,T02 Check confirmation of receipt,2011-12-15T14:45:08.364+01:00,Resource09,complete
case-10583,T04 Determine confirmation of receipt,2011-12-15T14:45:47.035+01:00,Resource09,complete
case-10583,T05 Print and send confirmation of receipt,2011-12-15T14:46:19.010+01:00,Resource09,complete
case-10583,T06 Determine necessity of stop advice,2011-12-15T14:46:49.392+01:00,Resource09,complete
case-10583,T10 Determine necessity to stop indication,2011-12-15T14:47:46.628+01:00,Resource09,complete
case-10592,Confirmation of receipt,2011-11-29T11:46:06.532+01:00,Resource12,complete
case-10592,T02 Check confirmation of receipt,2011-11-29T11:46:54.371+01:00,Resource12,complete
case-10592,T04 Determine confirmation of receipt,2011-11-29T11:47:32.540+01:00,Resource12,complete
case-10592,T06 Determine necessity of stop advice,2011-11-29T12:08:36.453+01:00,Resource12,complete
case-10592,T10 Determine necessity to stop indication,2011-11-29T12:09:11.004+01:00,Resource12,complete
case-10592,T05 Print and send confirmation of receipt,2011-11-30T12:02:36.695+01:00,Resource27,complete
case-10593,Confirmation of receipt,2011-11-30T13:54:33.716+01:00,Resource04,complete
case-10593,T02 Check confirmation of receipt,2011-11-30T13:54:56.948+01:00,Resource04,complete
case-10593,T04 Determine confirmation of receipt,2011-11-30T13:55:14.723+01:00,Resource04,complete
case-10593,T05 Print and send confirmation of receipt,2011-11-30T13:55:33.200+01:00,Resource04,complete
case-10593,T06 Determine necessity of stop advice,2011-11-30T13:55:50.019+01:00,Resource04,complete
case-10593,T10 Determine necessity to stop indication,2011-11-30T13:56:09.588+01:00,Resource04,complete
case-10598,Confirmation of receipt,2011-11-24T16:28:52.911+01:00,Resource20,complete
case-10598,T02 Check confirmation of receipt,2011-11-24T16:30:32.541+01:00,Resource20,complete
case-10598,T04 Determine confirmation of receipt,2011-11-24T16:30:49.801+01:00,Resource20,complete
case-10598,T05 Print and send confirmation of receipt,2011-11-24T16:31:26.522+01:00,Resource20,complete
case-10598,T06 Determine necessity of stop advice,2011-11-24T16:31:57.491+01:00,Resource20,complete
case-10598,T10 Determine necessity to stop indication,2011-11-24T16:32:30.511+01:00,Resource20,complete
case-10600,Confirmation of receipt,2011-12-21T10:20:20.213+01:00,Resource01,complete
case-10600,T02 Check confirmation of receipt,2011-12-21T10:46:42.284+01:00,Resource01,complete
case-10600,T04 Determine confirmation of receipt,2011-12-21T10:47:24.332+01:00,Resource01,complete
case-10600,T05 Print and send confirmation of receipt,2011-12-21T10:48:11.870+01:00,Resource01,complete
case-10600,T06 Determine necessity of stop advice,2011-12-21T10:48:36.883+01:00,Resource01,complete
case-10600,T10 Determine necessity to stop indication,2011-12-21T10:50:36.805+01:00,Resource01,complete
case-10621,Confirmation of receipt,2012-01-20T13:02:41.692+01:00,Resource21,complete
case-10621,T02 Check confirmation of receipt,2012-01-20T13:03:22.343+01:00,Resource21,complete
case-10621,T04 Determine confirmation of receipt,2012-01-20T13:04:42.498+01:00,Resource21,complete
case-10621,T05 Print and send confirmation of receipt,2012-01-20T13:05:14.580+01:00,Resource21,complete
case-10621,T06 Determine necessity of stop advice,2012-01-20T13:05:47.919+01:00,Resource21,complete
case-10621,T10 Determine necessity to stop indication,2012-01-20T13:06:25.475+01:00,Resource21,complete
case-10623,Confirmation of receipt,2011-12-02T09:10:04.876+01:00,Resource06,complete
case-10623,T02 Check confirmation of receipt,2011-12-02T09:53:30.525+01:00,Resource06,complete
case-10623,T04 Determine confirmation of receipt,2011-12-02T09:54:36.749+01:00,Resource06,complete
case-10623,T05 Print and send confirmation of receipt,2011-12-02T09:55:02.061+01:00,Resource06,complete
case-10623,T06 Determine necessity of stop advice,2011-12-02T09:58:38.507+01:00,Resource06,complete
case-10623,T10 Determine necessity to stop indication,2011-12-02T09:59:01.611+01:00,Resource06,complete
case-10624,Confirmation of receipt,2011-12-01T10:44:22.790+01:00,Resource04,complete
case-10624,T02 Check confirmation of receipt,2011-12-01T10:45:28.019+01:00,Resource04,complete
case-10624,T04 Determine confirmation of receipt,2011-12-01T10:45:46.710+01:00,Resource04,complete
case-10624,T05 Print and send confirmation of receipt,2011-12-01T10:46:04.524+01:00,Resource04,complete
case-10624,T06 Determine necessity of stop advice,2011-12-01T12:52:52.161+01:00,Resource04,complete
case-10624,T10 Determine necessity to stop indication,2011-12-01T12:53:18.284+01:00,Resource04,complete
case-10626,Confirmation of receipt,2012-01-16T10:05:19.539+01:00,Resource02,complete
case-10626,T02 Check confirmation of receipt,2012-01-16T10:27:20.523+01:00,Resource02,complete
case-10626,T04 Determine confirmation of receipt,2012-01-16T10:35:25.190+01:00,Resource02,complete
case-10626,T05 Print and send confirmation of receipt,2012-01-16T10:37:59.698+01:00,Resource02,complete
case-10626,T06 Determine necessity of stop advice,2012-01-16T10:39:51.238+01:00,Resource02,complete
case-10626,T10 Determine necessity to stop indication,2012-01-16T10:50:04.279+01:00,Resource02,complete
case-10636,Confirmation of receipt,2012-01-18T10:04:47.448+01:00,Resource21,complete
case-10636,T02 Check confirmation of receipt,2012-01-18T10:05:30.029+01:00,Resource21,complete
case-10636,T04 Determine confirmation of receipt,2012-01-18T10:06:07.388+01:00,Resource21,complete
case-10636,T05 Print and send confirmation of receipt,2012-01-18T10:06:51.311+01:00,Resource21,complete
case-10636,T06 Determine necessity of stop advice,2012-01-18T10:07:26.118+01:00,Resource21,complete
case-10636,T10 Determine necessity to stop indication,2012-01-18T10:08:01.844+01:00,Resource21,complete
case-10646,Confirmation of receipt,2011-12-02T15:07:18.216+01:00,Resource06,complete
case-10646,T02 Check confirmation of receipt,2011-12-02T15:07:47.141+01:00,Resource06,complete
case-10646,T04 Determine confirmation of receipt,2011-12-02T15:08:06.030+01:00,Resource06,complete
case-10646,T05 Print and send confirmation of receipt,2011-12-02T15:08:24.428+01:00,Resource06,complete
case-10646,T06 Determine necessity of stop advice,2011-12-02T15:08:56.053+01:00,Resource06,complete
case-10646,T10 Determine necessity to stop indication,2011-12-02T15:09:23.531+01:00,Resource06,complete
case-10647,Confirmation of receipt,2011-12-06T15:01:49.228+01:00,Resource03,complete
case-10647,T02 Check confirmation of receipt,2011-12-06T15:02:24.505+01:00,Resource03,complete
case-10647,T04 Determine confirmation of receipt,2011-12-06T15:02:41.153+01:00,Resource03,complete
case-10647,T05 Print and send confirmation of receipt,2011-12-06T15:02:57.205+01:00,Resource03,complete
case-10647,T06 Determine necessity of stop advice,2011-12-06T15:03:19.558+01:00,Resource03,complete
case-10647,T10 Determine necessity to stop indication,2011-12-06T15:04:39.219+01:00,Resource03,complete
case-10660,Confirmation of receipt,2011-12-02T08:29:50.103+01:00,admin2,complete
case-10661,Confirmation of receipt,2011-12-13T13:04:48.724+01:00,Resource06,complete
case-10661,T02 Check confirmation of receipt,2011-12-13T13:06:38.157+01:00,Resource06,complete
case-10661,T06 Determine necessity of stop advice,2011-12-13T13:54:01.182+01:00,Resource06,complete
case-10661,T10 Determine necessity to stop indication,2011-12-13T13:54:35.391+01:00,Resource06,complete
case-10661,T04 Determine confirmation of receipt,2011-12-13T13:55:18.189+01:00,Resource06,complete
case-10661,T05 Print and send confirmation of receipt,2011-12-13T13:59:02.065+01:00,Resource06,complete
case-10662,Confirmation of receipt,2011-11-30T16:04:11.166+01:00,Resource06,complete
case-10662,T02 Check confirmation of receipt,2011-11-30T16:04:34.445+01:00,Resource06,complete
case-10662,T04 Determine confirmation of receipt,2011-11-30T16:05:16.298+01:00,Resource06,complete
case-10662,T05 Print and send confirmation of receipt,2011-11-30T16:05:37.734+01:00,Resource06,complete
case-10662,T06 Determine necessity of stop advice,2011-11-30T16:06:12.022+01:00,Resource06,complete
case-10662,T10 Determine necessity to stop indication,2011-11-30T16:06:44.087+01:00,Resource06,complete
case-10663,Confirmation of receipt,2011-12-09T12:49:19.454+01:00,Resource04,complete
case-10663,T02 Check confirmation of receipt,2011-12-09T12:49:50.916+01:00,Resource04,complete
case-10663,T04 Determine confirmation of receipt,2011-12-09T12:50:16.571+01:00,Resource04,complete
case-10663,T05 Print and send confirmation of receipt,2011-12-09T12:50:39.797+01:00,Resource04,complete
case-10663,T06 Determine necessity of stop advice,2011-12-09T12:50:59.806+01:00,Resource04,complete
case-10663,T10 Determine necessity to stop indication,2011-12-09T12:51:22.060+01:00,Resource04,complete
case-10669,Confirmation of receipt,2011-12-06T16:11:54.463+01:00,Resource03,complete
case-10669,T02 Check confirmation of receipt,2011-12-06T16:12:17.249+01:00,Resource03,complete
case-10669,T04 Determine confirmation of receipt,2011-12-06T16:12:35.482+01:00,Resource03,complete
case-10669,T05 Print and send confirmation of receipt,2011-12-06T16:12:50.221+01:00,Resource03,complete
case-10669,T06 Determine necessity of stop advice,2011-12-06T16:13:06.971+01:00,Resource03,complete
case-10669,T10 Determine necessity to stop indication,2011-12-06T16:13:33.793+01:00,Resource03,complete
case-10670,Confirmation of receipt,2011-12-07T14:45:21.482+01:00,Resource03,complete
case-10670,T02 Check confirmation of receipt,2011-12-07T14:46:27.071+01:00,Resource03,complete
case-10670,T04 Determine confirmation of receipt,2011-12-07T14:46:44.803+01:00,Resource03,complete
case-10670,T05 Print and send confirmation of receipt,2011-12-07T14:47:02.003+01:00,Resource03,complete
case-10670,T06 Determine necessity of stop advice,2011-12-07T14:47:22.169+01:00,Resource03,complete
case-10670,T10 Determine necessity to stop indication,2011-12-07T14:47:44.738+01:00,Resource03,complete
case-10671,Confirmation of receipt,2011-12-15T12:17:50.970+01:00,Resource05,complete
case-10671,T02 Check confirmation of receipt,2011-12-15T12:18:31.532+01:00,Resource05,complete
case-10671,T04 Determine confirmation of receipt,2011-12-15T12:18:57.325+01:00,Resource05,complete
case-10671,T05 Print and send confirmation of receipt,2011-12-15T12:20:03.012+01:00,Resource05,complete
case-10671,T06 Determine necessity of stop advice,2011-12-15T12:21:06.553+01:00,Resource05,complete
case-10671,T10 Determine necessity to stop indication,2011-12-15T12:21:41.425+01:00,Resource05,complete
case-10675,Confirmation of receipt,2011-12-23T14:36:26.442+01:00,Resource09,complete
case-10675,T06 Determine necessity of stop advice,2011-12-23T14:38:23.853+01:00,Resource09,complete
case-10675,T10 Determine necessity to stop indication,2011-12-23T14:39:08.074+01:00,Resource09,complete
case-10688,Confirmation of receipt,2011-12-09T16:37:36.011+01:00,Resource04,complete
case-10688,T02 Check confirmation of receipt,2011-12-09T16:37:57.329+01:00,Resource04,complete
case-10688,T04 Determine confirmation of receipt,2011-12-09T16:38:15.458+01:00,Resource04,complete
case-10688,T05 Print and send confirmation of receipt,2011-12-09T16:38:31.683+01:00,Resource04,complete
case-10688,T06 Determine necessity of stop advice,2011-12-22T11:10:39.999+01:00,Resource04,complete
case-10688,T10 Determine necessity to stop indication,2011-12-22T11:11:38.505+01:00,Resource04,complete
case-10693,Confirmation of receipt,2011-12-06T14:40:10.889+01:00,Resource03,complete
case-10693,T02 Check confirmation of receipt,2011-12-06T14:40:35.378+01:00,Resource03,complete
case-10693,T04 Determine confirmation of receipt,2011-12-06T14:40:51.708+01:00,Resource03,complete
case-10693,T05 Print and send confirmation of receipt,2011-12-06T14:41:07.822+01:00,Resource03,complete
case-10693,T06 Determine necessity of stop advice,2011-12-06T14:41:40.040+01:00,admin2,complete
case-10709,Confirmation of receipt,2012-01-10T13:14:31.452+01:00,Resource09,complete
case-10709,T02 Check confirmation of receipt,2012-01-10T13:15:26.688+01:00,Resource09,complete
case-10709,T06 Determine necessity of stop advice,2012-01-10T13:47:41.697+01:00,Resource09,complete
case-10709,T10 Determine necessity to stop indication,2012-01-10T14:09:25.832+01:00,Resource09,complete
case-10709,T04 Determine confirmation of receipt,2012-01-10T14:11:40.999+01:00,Resource09,complete
case-10709,T05 Print and send confirmation of receipt,2012-01-10T14:12:14.059+01:00,Resource09,complete
case-10735,Confirmation of receipt,2011-12-07T11:27:27.810+01:00,Resource16,complete
case-10735,T02 Check confirmation of receipt,2011-12-07T11:27:59.544+01:00,Resource16,complete
case-10735,T04 Determine confirmation of receipt,2011-12-07T11:28:27.297+01:00,Resource16,complete
case-10735,T05 Print and send confirmation of receipt,2011-12-07T11:29:01.432+01:00,Resource16,complete
case-10735,T06 Determine necessity of stop advice,2011-12-07T11:29:25.305+01:00,Resource16,complete
case-10735,T10 Determine necessity to stop indication,2011-12-07T11:30:00.766+01:00,Resource16,complete
case-10749,Confirmation of receipt,2011-12-06T13:30:29.664+01:00,Resource16,complete
case-10749,T02 Check confirmation of receipt,2011-12-06T13:37:47.452+01:00,Resource16,complete
case-10749,T04 Determine confirmation of receipt,2011-12-06T13:38:09.733+01:00,Resource16,complete
case-10749,T05 Print and send confirmation of receipt,2011-12-06T13:38:30.187+01:00,Resource16,complete
case-10749,T06 Determine necessity of stop advice,2011-12-06T13:38:57.461+01:00,Resource16,complete
case-10749,T10 Determine necessity to stop indication,2011-12-06T13:39:25.089+01:00,Resource16,complete
case-10757,Confirmation of receipt,2011-12-13T12:09:28.917+01:00,Resource06,complete
case-10757,T02 Check confirmation of receipt,2011-12-13T15:18:51.703+01:00,Resource06,complete
case-10757,T04 Determine confirmation of receipt,2011-12-13T15:19:42.246+01:00,Resource06,complete
case-10757,T05 Print and send confirmation of receipt,2011-12-13T15:20:26.891+01:00,Resource06,complete
case-10757,T06 Determine necessity of stop advice,2011-12-13T15:28:47.163+01:00,Resource06,complete
case-10757,T10 Determine necessity to stop indication,2011-12-13T15:29:29.822+01:00,Resource06,complete
case-10763,Confirmation of receipt,2011-12-17T16:16:49.296+01:00,Resource35,complete
case-10763,T02 Check confirmation of receipt,2011-12-17T16:17:26.955+01:00,Resource35,complete
case-10763,T04 Determine confirmation of receipt,2011-12-17T16:17:56.913+01:00,Resource35,complete
case-10763,T06 Determine necessity of stop advice,2011-12-17T16:18:30.884+01:00,Resource35,complete
case-10763,T10 Determine necessity to stop indication,2011-12-17T16:19:13.622+01:00,Resource35,complete
case-10763,T05 Print and send confirmation of receipt,2011-12-19T11:34:23.055+01:00,admin1,complete
case-10765,Confirmation of receipt,2011-12-12T14:30:43.309+01:00,Resource23,complete
case-10765,T02 Check confirmation of receipt,2011-12-12T14:32:01.716+01:00,Resource23,complete
case-10765,T04 Determine confirmation of receipt,2011-12-12T14:32:40.534+01:00,Resource23,complete
case-10765,T05 Print and send confirmation of receipt,2011-12-12T14:33:38.186+01:00,Resource23,complete
case-10777,Confirmation of receipt,2011-12-09T08:51:11.509+01:00,Resource16,complete
case-10777,T02 Check confirmation of receipt,2011-12-09T08:51:52.760+01:00,Resource16,complete
case-10777,T04 Determine confirmation of receipt,2011-12-09T08:52:21.123+01:00,Resource16,complete
case-10777,T05 Print and send confirmation of receipt,2011-12-09T08:52:41.023+01:00,Resource16,complete
case-10777,T06 Determine necessity of stop advice,2011-12-09T08:53:04.728+01:00,Resource16,complete
case-10777,T10 Determine necessity to stop indication,2011-12-09T08:53:29.259+01:00,Resource16,complete
case-10779,Confirmation of receipt,2011-12-07T15:52:49.492+01:00,Resource09,complete
case-10779,T06 Determine necessity of stop advice,2011-12-07T15:56:56.564+01:00,Resource09,complete
case-10779,T02 Check confirmation of receipt,2011-12-07T15:58:29.727+01:00,Resource09,complete
case-10779,T10 Determine necessity to stop indication,2011-12-07T15:59:40.804+01:00,Resource09,complete
case-10779,T04 Determine confirmation of receipt,2011-12-07T16:00:17.096+01:00,Resource09,complete
case-10779,T05 Print and send confirmation of receipt,2011-12-07T16:00:46.464+01:00,Resource09,complete
case-10788,Confirmation of receipt,2012-01-12T15:13:12.379+01:00,Resource14,complete
case-10788,T02 Check confirmation of receipt,2012-01-12T15:13:56.588+01:00,Resource14,complete
case-10788,T04 Determine confirmation of receipt,2012-01-12T15:14:33.885+01:00,Resource14,complete
case-10788,T05 Print and send confirmation of receipt,2012-01-12T15:16:01.964+01:00,Resource14,complete
case-10788,T06 Determine necessity of stop advice,2012-01-12T15:17:05.134+01:00,Resource14,complete
case-10788,T10 Determine necessity to stop indication,2012-01-12T15:18:11.016+01:00,Resource14,complete
case-10799,Confirmation of receipt,2011-12-21T12:35:49.971+01:00,Resource16,complete
case-10799,T02 Check confirmation of receipt,2011-12-21T12:36:33.658+01:00,Resource16,complete
case-10799,T04 Determine confirmation of receipt,2011-12-21T13:11:54.559+01:00,Resource16,complete
case-10799,T05 Print and send confirmation of receipt,2011-12-21T13:15:09.991+01:00,Resource16,complete
case-10799,T06 Determine necessity of stop advice,2011-12-21T13:15:40.720+01:00,Resource16,complete
case-10799,T10 Determine necessity to stop indication,2011-12-21T13:22:30.403+01:00,Resource16,complete
case-10800,Confirmation of receipt,2011-12-21T14:23:48.367+01:00,Resource16,complete
case-10800,T02 Check confirmation of receipt,2011-12-21T14:24:27.676+01:00,Resource16,complete
case-10800,T04 Determine confirmation of receipt,2011-12-21T14:24:58.629+01:00,Resource16,complete
case-10800,T05 Print and send confirmation of receipt,2011-12-21T14:25:24.973+01:00,Resource16,complete
case-10800,T06 Determine necessity of stop advice,2011-12-21T14:25:50.026+01:00,Resource16,complete
case-10800,T10 Determine necessity to stop indication,2011-12-21T14:26:26.932+01:00,Resource16,complete
case-10810,Confirmation of receipt,2012-01-12T15:56:12.766+01:00,Resource06,complete
case-10810,T02 Check confirmation of receipt,2012-01-12T16:07:45.635+01:00,Resource06,complete
case-10810,T04 Determine confirmation of receipt,2012-01-12T16:08:24.037+01:00,Resource06,complete
case-10810,T05 Print and send confirmation of receipt,2012-01-12T16:09:31.229+01:00,Resource06,complete
case-10810,T06 Determine necessity of stop advice,2012-01-12T16:10:05.481+01:00,Resource06,complete
case-10810,T10 Determine necessity to stop indication,2012-01-12T16:11:11.427+01:00,Resource06,complete
case-10814,Confirmation of receipt,2011-12-28T14:19:04.153+01:00,Resource12,complete
case-10814,T02 Check confirmation of receipt,2011-12-28T14:20:33.399+01:00,Resource12,complete
case-10814,T04 Determine confirmation of receipt,2011-12-28T14:21:05.710+01:00,Resource12,complete
case-10814,T06 Determine necessity of stop advice,2011-12-28T14:39:32.658+01:00,Resource12,complete
case-10814,T10 Determine necessity to stop indication,2011-12-28T14:45:48.231+01:00,Resource12,complete
case-10814,T05 Print and send confirmation of receipt,2011-12-30T10:01:44.557+01:00,admin1,complete
case-10838,Confirmation of receipt,2012-01-03T12:51:49.190+01:00,Resource04,complete
case-10838,T02 Check confirmation of receipt,2012-01-03T12:52:18.360+01:00,Resource04,complete
case-10838,T04 Determine confirmation of receipt,2012-01-03T12:53:19.645+01:00,Resource04,complete
case-10838,T05 Print and send confirmation of receipt,2012-01-03T12:53:44.316+01:00,Resource04,complete
case-10838,T06 Determine necessity of stop advice,2012-01-04T08:57:57.196+01:00,Resource04,complete
case-10838,T10 Determine necessity to stop indication,2012-01-04T08:58:41.444+01:00,Resource04,complete
case-10853,Confirmation of receipt,2012-01-06T16:54:34.620+01:00,Resource20,complete
case-10853,T02 Check confirmation of receipt,2012-01-06T16:55:03.629+01:00,Resource20,complete
case-10853,T04 Determine confirmation of receipt,2012-01-06T16:55:29.771+01:00,Resource20,complete
case-10853,T05 Print and send confirmation of receipt,2012-01-06T16:55:55.212+01:00,Resource20,complete
case-10853,T06 Determine necessity of stop advice,2012-01-09T09:03:39.027+01:00,Resource20,complete
case-10853,T10 Determine necessity to stop indication,2012-01-09T09:04:19.401+01:00,Resource20,complete
case-10854,Confirmation of receipt,2012-01-06T16:57:48.131+01:00,Resource20,complete
case-10854,T02 Check confirmation of receipt,2012-01-06T16:58:14.608+01:00,Resource20,complete
case-10854,T04 Determine confirmation of receipt,2012-01-06T16:58:37.766+01:00,Resource20,complete
case-10854,T05 Print and send confirmation of receipt,2012-01-06T16:59:02.444+01:00,Resource20,complete
case-10854,T06 Determine necessity of stop advice,2012-01-09T09:10:58.906+01:00,Resource20,complete
case-10854,T10 Determine necessity to stop indication,2012-01-09T09:11:58.715+01:00,Resource20,complete
case-10855,Confirmation of receipt,2012-01-06T17:01:10.603+01:00,Resource20,complete
case-10855,T02 Check confirmation of receipt,2012-01-06T17:01:38.601+01:00,Resource20,complete
case-10855,T04 Determine confirmation of receipt,2012-01-06T17:02:16.472+01:00,Resource20,complete
case-10855,T05 Print and send confirmation of receipt,2012-01-06T17:02:44.551+01:00,Resource20,complete
case-10855,T06 Determine necessity of stop advice,2012-01-09T09:13:55.440+01:00,Resource20,complete
case-10855,T10 Determine necessity to stop indication,2012-01-09T09:14:25.478+01:00,Resource20,complete
case-10856,Confirmation of receipt,2012-01-06T17:06:05.709+01:00,Resource20,complete
case-10856,T02 Check confirmation of receipt,2012-01-06T17:06:35.887+01:00,Resource20,complete
case-10856,T04 Determine confirmation of receipt,2012-01-06T17:07:13.824+01:00,Resource20,complete
case-10856,T05 Print and send confirmation of receipt,2012-01-06T17:07:34.752+01:00,Resource20,complete
case-10856,T06 Determine necessity of stop advice,2012-01-09T09:57:11.425+01:00,Resource20,complete
case-10856,T10 Determine necessity to stop indication,2012-01-09T09:57:58.055+01:00,Resource20,complete
case-10857,Confirmation of receipt,2012-01-04T19:36:09.258+01:00,Resource13,complete
case-10857,T06 Determine necessity of stop advice,2012-01-04T19:37:33.931+01:00,Resource13,complete
case-10857,T10 Determine necessity to stop indication,2012-01-04T19:53:52.494+01:00,Resource13,complete
case-10857,T16 Report reasons to hold request,2012-01-04T19:54:44.634+01:00,Resource13,complete
case-10857,T17 Check report Y to stop indication,2012-01-04T19:55:41.647+01:00,Resource13,complete
case-10857,T19 Determine report Y to stop indication,2012-01-04T19:56:18.050+01:00,Resource13,complete
case-10857,T20 Print report Y to stop indication,2012-01-04T19:56:54.192+01:00,Resource13,complete
case-10857,T02 Check confirmation of receipt,2012-01-05T08:19:19.141+01:00,Resource13,complete
case-10857,T04 Determine confirmation of receipt,2012-01-05T12:47:06.479+01:00,Resource13,complete
case-10857,T05 Print and send confirmation of receipt,2012-01-05T12:47:44.454+01:00,Resource13,complete
case-10858,Confirmation of receipt,2012-01-06T17:09:08.572+01:00,Resource20,complete
case-10858,T02 Check confirmation of receipt,2012-01-06T17:09:34.549+01:00,Resource20,complete
case-10858,T04 Determine confirmation of receipt,2012-01-06T17:10:02.415+01:00,Resource20,complete
case-10858,T05 Print and send confirmation of receipt,2012-01-06T17:10:25.423+01:00,Resource20,complete
case-10858,T06 Determine necessity of stop advice,2012-01-09T09:59:39.010+01:00,Resource20,complete
case-10858,T10 Determine necessity to stop indication,2012-01-09T10:00:18.393+01:00,Resource20,complete
case-10861,Confirmation of receipt,2012-01-06T17:15:03.958+01:00,Resource20,complete
case-10861,T02 Check confirmation of receipt,2012-01-06T17:15:31.581+01:00,Resource20,complete
case-10861,T04 Determine confirmation of receipt,2012-01-06T17:15:58.425+01:00,Resource20,complete
case-10861,T05 Print and send confirmation of receipt,2012-01-06T17:16:21.170+01:00,Resource20,complete
case-10861,T06 Determine necessity of stop advice,2012-01-09T10:13:58.004+01:00,Resource20,complete
case-10861,T10 Determine necessity to stop indication,2012-01-09T10:14:27.715+01:00,Resource20,complete
case-10862,Confirmation of receipt,2011-12-15T11:53:12.667+01:00,admin2,complete
case-10863,Confirmation of receipt,2012-01-06T17:12:33.877+01:00,Resource20,complete
case-10863,T02 Check confirmation of receipt,2012-01-06T17:13:03.650+01:00,Resource20,complete
case-10863,T04 Determine confirmation of receipt,2012-01-06T17:13:26.748+01:00,Resource20,complete
case-10863,T05 Print and send confirmation of receipt,2012-01-06T17:13:47.123+01:00,Resource20,complete
case-10863,T06 Determine necessity of stop advice,2012-01-09T10:01:58.448+01:00,Resource20,complete
case-10863,T10 Determine necessity to stop indication,2012-01-09T10:02:31.647+01:00,Resource20,complete
case-10864,Confirmation of receipt,2011-12-16T12:08:04.183+01:00,Resource03,complete
case-10864,T02 Check confirmation of receipt,2012-01-12T15:42:20.138+01:00,Resource14,complete
case-10864,T04 Determine confirmation of receipt,2012-01-12T15:46:21.518+01:00,Resource14,complete
case-10864,T05 Print and send confirmation of receipt,2012-01-12T15:47:07.049+01:00,Resource14,complete
case-10864,T06 Determine necessity of stop advice,2012-01-12T15:47:44.589+01:00,Resource14,complete
case-10864,T10 Determine necessity to stop indication,2012-01-12T15:48:18.252+01:00,Resource14,complete
case-10890,Confirmation of receipt,2012-01-10T15:22:52.336+01:00,Resource18,complete
case-10890,T02 Check confirmation of receipt,2012-01-10T15:23:38.942+01:00,Resource18,complete
case-10890,T04 Determine confirmation of receipt,2012-01-10T15:24:44.401+01:00,Resource18,complete
case-10890,T05 Print and send confirmation of receipt,2012-01-10T15:25:19.302+01:00,Resource18,complete
case-10890,T06 Determine necessity of stop advice,2012-01-10T15:54:53.704+01:00,Resource18,complete
case-10890,T10 Determine necessity to stop indication,2012-01-10T15:55:30.283+01:00,Resource18,complete
case-10892,Confirmation of receipt,2011-12-21T08:41:50.337+01:00,Resource16,complete
case-10892,T02 Check confirmation of receipt,2011-12-21T08:42:49.661+01:00,Resource16,complete
case-10892,T04 Determine confirmation of receipt,2011-12-21T08:44:56.141+01:00,Resource16,complete
case-10892,T05 Print and send confirmation of receipt,2011-12-21T08:51:22.982+01:00,Resource16,complete
case-10892,T06 Determine necessity of stop advice,2011-12-21T08:52:15.331+01:00,Resource16,complete
case-10892,T10 Determine necessity to stop indication,2011-12-21T08:53:08.141+01:00,Resource16,complete
case-10918,Confirmation of receipt,2012-01-23T10:23:25.017+01:00,Resource42,complete
case-10929,Confirmation of receipt,2011-12-19T15:34:47.491+01:00,Resource28,complete
case-10929,T02 Check confirmation of receipt,2011-12-19T15:37:28.906+01:00,Resource28,complete
case-10929,T06 Determine necessity of stop advice,2011-12-19T15:38:21.935+01:00,Resource28,complete
case-10929,T10 Determine necessity to stop indication,2011-12-19T15:39:29.045+01:00,Resource28,complete
case-10929,T04 Determine confirmation of receipt,2012-01-16T13:17:48.717+01:00,Resource28,complete
case-10929,T05 Print and send confirmation of receipt,2012-01-16T13:18:38.578+01:00,Resource28,complete
case-10946,Confirmation of receipt,2012-01-03T10:04:36.517+01:00,Resource05,complete
case-10946,T02 Check confirmation of receipt,2012-01-03T10:05:52.122+01:00,Resource05,complete
case-10946,T04 Determine confirmation of receipt,2012-01-03T10:06:40.471+01:00,Resource05,complete
case-10946,T05 Print and send confirmation of receipt,2012-01-03T10:07:09.781+01:00,Resource05,complete
case-10946,T06 Determine necessity of stop advice,2012-01-03T10:09:42.388+01:00,Resource05,complete
case-10946,T10 Determine necessity to stop indication,2012-01-03T10:10:27.621+01:00,Resource05,complete
case-10948,Confirmation of receipt,2011-12-21T10:24:17.770+01:00,Resource16,complete
case-10948,T02 Check confirmation of receipt,2011-12-21T10:25:05.167+01:00,Resource16,complete
case-10948,T04 Determine confirmation of receipt,2011-12-21T10:25:34.019+01:00,Resource16,complete
case-10948,T05 Print and send confirmation of receipt,2011-12-21T10:25:58.710+01:00,Resource16,complete
case-10948,T06 Determine necessity of stop advice,2011-12-21T10:26:32.902+01:00,Resource16,complete
case-10948,T10 Determine necessity to stop indication,2011-12-21T10:27:41.001+01:00,Resource16,complete
case-10950,Confirmation of receipt,2011-12-20T10:22:12.713+01:00,Resource14,complete
case-10950,T02 Check confirmation of receipt,2011-12-20T10:29:17.765+01:00,Resource14,complete
case-10950,T04 Determine confirmation of receipt,2011-12-20T11:03:39.353+01:00,Resource14,complete
case-10950,T05 Print and send confirmation of receipt,2011-12-20T11:04:13.923+01:00,Resource14,complete
case-10950,T06 Determine necessity of stop advice,2011-12-20T11:08:02.697+01:00,Resource14,complete
case-10950,T10 Determine necessity to stop indication,2011-12-20T11:11:21.148+01:00,Resource14,complete
case-10951,Confirmation of receipt,2012-01-05T10:24:58.463+01:00,Resource13,complete
case-10951,T06 Determine necessity of stop advice,2012-01-05T10:32:39.507+01:00,Resource13,complete
case-10951,T02 Check confirmation of receipt,2012-01-05T10:33:36.161+01:00,Resource13,complete
case-10951,T04 Determine confirmation of receipt,2012-01-05T10:34:29.305+01:00,Resource13,complete
case-10951,T05 Print and send confirmation of receipt,2012-01-05T10:36:25.145+01:00,Resource13,complete
case-10951,T10 Determine necessity to stop indication,2012-01-05T10:36:53.293+01:00,Resource13,complete
case-10971,Confirmation of receipt,2012-01-10T13:16:23.523+01:00,Resource13,complete
case-10971,T02 Check confirmation of receipt,2012-01-10T13:19:00.861+01:00,Resource13,complete
case-10971,T04 Determine confirmation of receipt,2012-01-10T13:21:13.637+01:00,Resource13,complete
case-10971,T06 Determine necessity of stop advice,2012-01-10T13:21:56.885+01:00,Resource13,complete
case-10971,T05 Print and send confirmation of receipt,2012-01-10T13:23:49.193+01:00,Resource13,complete
case-10971,T10 Determine necessity to stop indication,2012-01-10T13:26:48.822+01:00,Resource13,complete
case-11006,Confirmation of receipt,2011-12-28T15:36:23.336+01:00,Resource01,complete
case-11006,T02 Check confirmation of receipt,2011-12-28T15:36:51.757+01:00,Resource01,complete
case-11006,T04 Determine confirmation of receipt,2011-12-28T15:37:17.275+01:00,Resource01,complete
case-11006,T05 Print and send confirmation of receipt,2011-12-28T15:38:14.575+01:00,Resource01,complete
case-11006,T06 Determine necessity of stop advice,2011-12-28T15:39:34.441+01:00,Resource01,complete
case-11006,T10 Determine necessity to stop indication,2011-12-28T15:44:34.115+01:00,Resource01,complete
case-11007,Confirmation of receipt,2012-01-03T16:02:18.024+01:00,Resource05,complete
case-11007,T02 Check confirmation of receipt,2012-01-05T08:40:10.511+01:00,Resource05,complete
case-11007,T04 Determine confirmation of receipt,2012-01-05T08:45:59.214+01:00,Resource05,complete
case-11007,T05 Print and send confirmation of receipt,2012-01-05T09:49:38.861+01:00,Resource05,complete
case-11007,T06 Determine necessity of stop advice,2012-01-05T09:51:36.497+01:00,Resource05,complete
case-11007,T10 Determine necessity to stop indication,2012-01-05T09:52:53.749+01:00,Resource05,complete
case-11048,Confirmation of receipt,2012-01-05T14:00:46.902+01:00,Resource05,complete
case-11048,T02 Check confirmation of receipt,2012-01-05T14:01:29.103+01:00,Resource05,complete
case-11048,T04 Determine confirmation of receipt,2012-01-05T14:05:58.518+01:00,Resource05,complete
case-11048,T05 Print and send confirmation of receipt,2012-01-05T14:06:28.934+01:00,Resource05,complete
case-11048,T06 Determine necessity of stop advice,2012-01-05T14:07:46.415+01:00,Resource05,complete
case-11048,T10 Determine necessity to stop indication,2012-01-05T14:09:51.300+01:00,Resource05,complete
case-11050,Confirmation of receipt,2012-01-17T07:29:45.807+01:00,Resource05,complete
case-11050,T02 Check confirmation of receipt,2012-01-17T07:30:21.486+01:00,Resource05,complete
case-11050,T04 Determine confirmation of receipt,2012-01-17T07:31:04.679+01:00,Resource05,complete
case-11050,T05 Print and send confirmation of receipt,2012-01-17T07:31:40.568+01:00,Resource05,complete
case-11050,T06 Determine necessity of stop advice,2012-01-17T07:32:09.582+01:00,Resource05,complete
case-11050,T10 Determine necessity to stop indication,2012-01-17T07:32:43.377+01:00,Resource05,complete
case-11053,Confirmation of receipt,2012-01-17T08:38:18.138+01:00,Resource05,complete
case-11053,T02 Check confirmation of receipt,2012-01-17T08:38:52.371+01:00,Resource05,complete
case-11053,T06 Determine necessity of stop advice,2012-01-17T08:39:32.646+01:00,Resource05,complete
case-11053,T04 Determine confirmation of receipt,2012-01-17T08:40:36.442+01:00,Resource05,complete
case-11053,T05 Print and send confirmation of receipt,2012-01-17T08:42:11.053+01:00,Resource05,complete
case-11053,T10 Determine necessity to stop indication,2012-01-17T08:44:59.677+01:00,Resource05,complete
case-11058,Confirmation of receipt,2012-01-17T09:55:10.977+01:00,Resource22,complete
case-11058,T06 Determine necessity of stop advice,2012-01-17T09:57:45.295+01:00,Resource22,complete
case-11058,T02 Check confirmation of receipt,2012-01-17T13:55:22.771+01:00,Resource22,complete
case-11058,T04 Determine confirmation of receipt,2012-01-17T13:57:00.334+01:00,Resource22,complete
case-11058,T05 Print and send confirmation of receipt,2012-01-17T13:57:39.208+01:00,Resource22,complete
case-11058,T10 Determine necessity to stop indication,2012-01-17T13:58:38.544+01:00,Resource22,complete
case-11059,Confirmation of receipt,2012-01-11T12:55:56.776+01:00,Resource04,complete
case-11059,T02 Check confirmation of receipt,2012-01-11T12:56:33.884+01:00,Resource04,complete
case-11059,T04 Determine confirmation of receipt,2012-01-11T12:57:02.860+01:00,Resource04,complete
case-11059,T05 Print and send confirmation of receipt,2012-01-11T12:57:29.891+01:00,Resource04,complete
case-11059,T06 Determine necessity of stop advice,2012-01-17T14:44:06.677+01:00,Resource04,complete
case-11059,T10 Determine necessity to stop indication,2012-01-17T14:44:48.567+01:00,Resource04,complete
case-11063,Confirmation of receipt,2012-01-11T16:17:53.202+01:00,Resource04,complete
case-11063,T02 Check confirmation of receipt,2012-01-11T16:18:28.394+01:00,Resource04,complete
case-11063,T04 Determine confirmation of receipt,2012-01-11T16:19:13.590+01:00,Resource04,complete
case-11063,T05 Print and send confirmation of receipt,2012-01-11T16:19:43.202+01:00,Resource04,complete
case-11063,T06 Determine necessity of stop advice,2012-01-11T16:20:14.985+01:00,Resource04,complete
case-11063,T10 Determine necessity to stop indication,2012-01-11T16:20:54.744+01:00,Resource04,complete
case-11080,Confirmation of receipt,2012-01-23T11:58:31.282+01:00,Resource14,complete
case-11080,T02 Check confirmation of receipt,2012-01-23T11:59:02.529+01:00,Resource14,complete
case-11080,T04 Determine confirmation of receipt,2012-01-23T12:00:48.419+01:00,Resource14,complete
case-11080,T05 Print and send confirmation of receipt,2012-01-23T12:01:17.550+01:00,Resource14,complete
case-11080,T06 Determine necessity of stop advice,2012-01-23T12:02:03.196+01:00,Resource14,complete
case-11080,T10 Determine necessity to stop indication,2012-01-23T12:02:37.738+01:00,Resource14,complete
case-11094,Confirmation of receipt,2012-01-15T13:22:12.557+01:00,Resource13,complete
case-11094,T02 Check confirmation of receipt,2012-01-15T13:23:36.084+01:00,Resource13,complete
case-11094,T04 Determine confirmation of receipt,2012-01-15T13:24:50.228+01:00,Resource13,complete
case-11094,T05 Print and send confirmation of receipt,2012-01-15T13:25:55.526+01:00,Resource13,complete
case-11094,T06 Determine necessity of stop advice,2012-01-15T13:26:35.968+01:00,Resource13,complete
case-11094,T10 Determine necessity to stop indication,2012-01-15T13:27:11.044+01:00,Resource13,complete
case-11096,Confirmation of receipt,2012-01-13T15:43:24.396+01:00,Resource06,complete
case-11096,T02 Check confirmation of receipt,2012-01-13T15:44:18.052+01:00,Resource06,complete
case-11096,T04 Determine confirmation of receipt,2012-01-13T15:45:05.357+01:00,Resource06,complete
case-11096,T05 Print and send confirmation of receipt,2012-01-13T15:45:37.394+01:00,Resource06,complete
case-11096,T06 Determine necessity of stop advice,2012-01-13T15:46:12.274+01:00,Resource06,complete
case-11096,T10 Determine necessity to stop indication,2012-01-13T15:46:46.222+01:00,Resource06,complete
case-11115,Confirmation of receipt,2012-01-18T15:46:13.649+01:00,Resource13,complete
case-11115,T06 Determine necessity of stop advice,2012-01-18T15:46:47.535+01:00,Resource13,complete
case-11115,T02 Check confirmation of receipt,2012-01-18T15:47:30.077+01:00,Resource13,complete
case-11115,T04 Determine confirmation of receipt,2012-01-18T15:48:12.759+01:00,Resource13,complete
case-11115,T10 Determine necessity to stop indication,2012-01-18T15:48:49.021+01:00,Resource13,complete
case-11115,T05 Print and send confirmation of receipt,2012-01-18T15:49:34.655+01:00,Resource13,complete
case-11129,Confirmation of receipt,2012-01-06T14:20:51.185+01:00,Resource20,complete
case-11129,T02 Check confirmation of receipt,2012-01-06T14:23:09.346+01:00,Resource20,complete
case-11129,T04 Determine confirmation of receipt,2012-01-06T14:25:09.701+01:00,Resource20,complete
case-11129,T05 Print and send confirmation of receipt,2012-01-06T14:25:43.079+01:00,Resource20,complete
case-11129,T06 Determine necessity of stop advice,2012-01-06T14:52:05.571+01:00,Resource20,complete
case-11129,T10 Determine necessity to stop indication,2012-01-06T14:53:11.253+01:00,Resource20,complete
case-11154,Confirmation of receipt,2012-01-16T12:31:11.027+01:00,Resource06,complete
case-11154,T02 Check confirmation of receipt,2012-01-16T12:32:13.632+01:00,Resource06,complete
case-11154,T04 Determine confirmation of receipt,2012-01-16T12:33:01.053+01:00,Resource06,complete
case-11154,T05 Print and send confirmation of receipt,2012-01-16T12:33:43.742+01:00,Resource06,complete
case-11154,T06 Determine necessity of stop advice,2012-01-16T12:34:23.168+01:00,Resource06,complete
case-11154,T10 Determine necessity to stop indication,2012-01-16T12:35:08.739+01:00,Resource06,complete
case-11214,Confirmation of receipt,2012-01-10T14:41:29.553+01:00,Resource07,complete
case-11214,T02 Check confirmation of receipt,2012-01-10T14:42:09.187+01:00,Resource07,complete
case-11214,T04 Determine confirmation of receipt,2012-01-10T14:42:36.740+01:00,Resource07,complete
case-11214,T05 Print and send confirmation of receipt,2012-01-10T14:43:18.047+01:00,Resource07,complete
case-11214,T06 Determine necessity of stop advice,2012-01-10T14:48:12.062+01:00,Resource07,complete
case-11214,T10 Determine necessity to stop indication,2012-01-10T14:48:58.604+01:00,Resource07,complete
case-11268,Confirmation of receipt,2012-01-12T14:25:56.505+01:00,Resource12,complete
case-11268,T02 Check confirmation of receipt,2012-01-12T14:30:49.989+01:00,Resource12,complete
case-11268,T04 Determine confirmation of receipt,2012-01-12T14:31:29.075+01:00,Resource12,complete
case-11268,T06 Determine necessity of stop advice,2012-01-12T14:34:39.302+01:00,Resource12,complete
case-11268,T10 Determine necessity to stop indication,2012-01-12T14:35:16.754+01:00,Resource12,complete
case-11268,T05 Print and send confirmation of receipt,2012-01-20T13:49:57.510+01:00,admin1,complete
case-11275,Confirmation of receipt,2012-01-12T14:36:54.782+01:00,Resource22,complete
case-11275,T02 Check confirmation of receipt,2012-01-12T14:37:39.465+01:00,Resource22,complete
case-11275,T04 Determine confirmation of receipt,2012-01-12T14:38:52.849+01:00,Resource22,complete
case-11275,T05 Print and send confirmation of receipt,2012-01-12T14:40:39.515+01:00,Resource22,complete
case-11275,T06 Determine necessity of stop advice,2012-01-12T14:41:22.579+01:00,Resource22,complete
case-11275,T10 Determine necessity to stop indication,2012-01-12T14:42:05.233+01:00,Resource22,complete
case-11375,Confirmation of receipt,2012-01-11T12:11:08.204+01:00,Resource12,complete
case-11375,T02 Check confirmation of receipt,2012-01-11T12:12:22.011+01:00,Resource12,complete
case-11375,T04 Determine confirmation of receipt,2012-01-11T12:13:05.661+01:00,Resource12,complete
case-11375,T06 Determine necessity of stop advice,2012-01-11T12:14:22.771+01:00,Resource12,complete
case-11375,T10 Determine necessity to stop indication,2012-01-11T12:16:09.310+01:00,Resource12,complete
case-11375,T16 Report reasons to hold request,2012-01-13T07:40:31.256+01:00,Resource12,complete
case-11375,T17 Check report Y to stop indication,2012-01-13T07:41:08.656+01:00,Resource12,complete
case-11375,T19 Determine report Y to stop indication,2012-01-13T07:41:41.200+01:00,Resource12,complete
case-11375,T20 Print report Y to stop indication,2012-01-13T07:42:16.811+01:00,Resource12,complete
case-11375,T05 Print and send confirmation of receipt,2012-01-13T08:08:42.768+01:00,Resource12,complete
case-11376,Confirmation of receipt,2012-01-17T07:49:54.680+01:00,Resource02,complete
case-11376,T02 Check confirmation of receipt,2012-01-17T12:00:33.584+01:00,Resource02,complete
case-11376,T04 Determine confirmation of receipt,2012-01-17T12:01:16.626+01:00,Resource02,complete
case-11376,T05 Print and send confirmation of receipt,2012-01-17T12:02:13.821+01:00,Resource02,complete
case-11376,T06 Determine necessity of stop advice,2012-01-17T12:03:44.842+01:00,Resource02,complete
case-11376,T10 Determine necessity to stop indication,2012-01-17T12:04:35.396+01:00,Resource02,complete
case-11378,Confirmation of receipt,2012-01-17T09:02:43.992+01:00,Resource07,complete
case-11378,T02 Check confirmation of receipt,2012-01-17T09:03:25.633+01:00,Resource07,complete
case-11378,T04 Determine confirmation of receipt,2012-01-17T09:04:01.485+01:00,Resource07,complete
case-11378,T05 Print and send confirmation of receipt,2012-01-17T09:04:28.414+01:00,Resource07,complete
case-11378,T06 Determine necessity of stop advice,2012-01-17T09:05:19.033+01:00,Resource07,complete
case-11378,T10 Determine necessity to stop indication,2012-01-17T09:05:57.074+01:00,Resource07,complete
case-11380,Confirmation of receipt,2012-01-13T16:29:03.742+01:00,Resource06,complete
case-11380,T02 Check confirmation of receipt,2012-01-13T16:30:16.897+01:00,Resource06,complete
case-11380,T04 Determine confirmation of receipt,2012-01-13T16:30:51.650+01:00,Resource06,complete
case-11380,T05 Print and send confirmation of receipt,2012-01-13T16:31:20.117+01:00,Resource06,complete
case-11380,T06 Determine necessity of stop advice,2012-01-13T16:32:45.283+01:00,Resource06,complete
case-11380,T10 Determine necessity to stop indication,2012-01-13T16:33:17.201+01:00,Resource06,complete
case-11399,Confirmation of receipt,2012-01-12T11:11:27.976+01:00,Resource27,complete
case-11399,T06 Determine necessity of stop advice,2012-01-12T11:18:08.932+01:00,Resource11,complete
case-11399,T02 Check confirmation of receipt,2012-01-12T11:18:48.350+01:00,Resource11,complete
case-11399,T04 Determine confirmation of receipt,2012-01-12T11:19:40.782+01:00,Resource11,complete
case-11399,T05 Print and send confirmation of receipt,2012-01-12T11:20:20.992+01:00,Resource11,complete
case-11399,T10 Determine necessity to stop indication,2012-01-12T11:21:00.074+01:00,Resource11,complete
case-11399,T16 Report reasons to hold request,2012-01-12T11:25:33.823+01:00,Resource11,complete
case-11399,T17 Check report Y to stop indication,2012-01-12T11:26:15.750+01:00,Resource11,complete
case-11399,T19 Determine report Y to stop indication,2012-01-12T11:26:54.747+01:00,Resource11,complete
case-11399,T20 Print report Y to stop indication,2012-01-12T11:27:40.453+01:00,Resource11,complete
case-11427,Confirmation of receipt,2012-01-23T14:21:35.335+01:00,Resource05,complete
case-11427,T02 Check confirmation of receipt,2012-01-23T14:22:11.094+01:00,Resource05,complete
case-11427,T04 Determine confirmation of receipt,2012-01-23T14:22:47.598+01:00,Resource05,complete
case-11427,T05 Print and send confirmation of receipt,2012-01-23T14:36:04.241+01:00,Resource05,complete
case-11427,T06 Determine necessity of stop advice,2012-01-23T14:38:16.158+01:00,Resource05,complete
case-11427,T10 Determine necessity to stop indication,2012-01-23T14:39:21.894+01:00,Resource05,complete
case-11437,Confirmation of receipt,2012-01-18T09:39:31.608+01:00,Resource05,complete
case-11437,T02 Check confirmation of receipt,2012-01-18T09:40:02.238+01:00,Resource05,complete
case-11437,T04 Determine confirmation of receipt,2012-01-18T09:40:33.063+01:00,Resource05,complete
case-11437,T05 Print and send confirmation of receipt,2012-01-18T09:40:58.960+01:00,Resource05,complete
case-11437,T06 Determine necessity of stop advice,2012-01-18T09:41:36.146+01:00,Resource05,complete
case-11437,T10 Determine necessity to stop indication,2012-01-18T09:42:22.166+01:00,Resource05,complete
case-11458,Confirmation of receipt,2012-01-23T15:39:28.185+01:00,Resource05,complete
case-11458,T02 Check confirmation of receipt,2012-01-23T15:40:01.303+01:00,Resource05,complete
case-11458,T04 Determine confirmation of receipt,2012-01-23T15:40:42.753+01:00,Resource05,complete
case-11458,T05 Print and send confirmation of receipt,2012-01-23T15:41:12.424+01:00,Resource05,complete
case-11458,T06 Determine necessity of stop advice,2012-01-23T15:42:10.417+01:00,Resource05,complete
case-11458,T10 Determine necessity to stop indication,2012-01-23T15:42:54.644+01:00,Resource05,complete
case-11460,Confirmation of receipt,2012-01-19T16:12:19.703+01:00,Resource06,complete
case-11460,T02 Check confirmation of receipt,2012-01-19T16:14:07.239+01:00,Resource06,complete
case-11460,T04 Determine confirmation of receipt,2012-01-19T16:14:39.497+01:00,Resource06,complete
case-11460,T06 Determine necessity of stop advice,2012-01-19T16:15:25.469+01:00,Resource06,complete
case-11460,T10 Determine necessity to stop indication,2012-01-19T16:15:58.589+01:00,Resource06,complete
case-11460,T05 Print and send confirmation of receipt,2012-01-20T13:53:13.367+01:00,admin1,complete
case-11470,Confirmation of receipt,2012-01-18T09:10:47.037+01:00,Resource18,complete
case-11470,T02 Check confirmation of receipt,2012-01-18T09:13:20.508+01:00,Resource18,complete
case-11470,T04 Determine confirmation of receipt,2012-01-18T09:15:25.069+01:00,Resource18,complete
case-11470,T05 Print and send confirmation of receipt,2012-01-18T09:17:33.202+01:00,Resource18,complete
case-11470,T06 Determine necessity of stop advice,2012-01-18T09:24:07.559+01:00,Resource18,complete
case-11470,T10 Determine necessity to stop indication,2012-01-18T09:38:45.355+01:00,Resource18,complete
case-11473,Confirmation of receipt,2012-01-18T10:29:52.496+01:00,Resource18,complete
case-11473,T02 Check confirmation of receipt,2012-01-18T11:51:06.633+01:00,Resource18,complete
case-11473,T04 Determine confirmation of receipt,2012-01-18T11:51:41.408+01:00,Resource18,complete
case-11473,T05 Print and send confirmation of receipt,2012-01-18T11:52:44.235+01:00,Resource18,complete
case-11481,Confirmation of receipt,2012-01-23T10:41:13.388+01:00,Resource23,complete
case-11481,T02 Check confirmation of receipt,2012-01-23T10:45:16.188+01:00,Resource23,complete
case-11481,T04 Determine confirmation of receipt,2012-01-23T10:45:51.220+01:00,Resource23,complete
case-11481,T05 Print and send confirmation of receipt,2012-01-23T10:46:17.711+01:00,Resource23,complete
case-11517,Confirmation of receipt,2012-01-17T16:54:45.106+01:00,Resource18,complete
case-11517,T02 Check confirmation of receipt,2012-01-17T16:59:56.347+01:00,Resource18,complete
case-11517,T04 Determine confirmation of receipt,2012-01-17T17:01:50.545+01:00,Resource18,complete
case-11517,T05 Print and send confirmation of receipt,2012-01-17T17:02:29.572+01:00,Resource18,complete
case-3756,Confirmation of receipt,2010-10-05T08:32:48.565+02:00,Resource02,complete
case-3756,T06 Determine necessity of stop advice,2010-10-05T08:42:49.801+02:00,Resource02,complete
case-3756,T02 Check confirmation of receipt,2010-10-05T09:31:29.133+02:00,Resource24,complete
case-3756,T07-1 Draft intern advice aspect 1,2010-10-05T09:32:37.563+02:00,Resource24,complete
case-3756,T06 Determine necessity of stop advice,2010-10-05T09:39:14.231+02:00,Resource02,complete
case-3756,T10 Determine necessity to stop indication,2010-10-05T09:40:16.663+02:00,Resource02,complete
case-3756,T04 Determine confirmation of receipt,2010-10-05T10:44:20.945+02:00,Resource19,complete
case-3756,T05 Print and send confirmation of receipt,2010-10-05T15:16:10.469+02:00,Resource21,complete
case-3766,Confirmation of receipt,2010-10-05T13:01:58.437+02:00,Resource08,complete
case-3766,T06 Determine necessity of stop advice,2010-10-05T13:07:35.391+02:00,Resource08,complete
case-3766,T10 Determine necessity to stop indication,2010-10-05T13:08:22.858+02:00,Resource08,complete
case-3766,T02 Check confirmation of receipt,2010-10-05T15:03:36.552+02:00,Resource24,complete
case-3766,T03 Adjust confirmation of receipt,2010-10-05T15:22:03.157+02:00,Resource08,complete
case-3766,T02 Check confirmation of receipt,2010-10-05T15:26:38.519+02:00,Resource24,complete
case-3766,T04 Determine confirmation of receipt,2010-10-06T09:12:49.541+02:00,Resource19,complete
case-3766,T05 Print and send confirmation of receipt,2010-10-07T15:16:55.755+02:00,Resource08,complete
case-3818,Confirmation of receipt,2010-10-18T09:24:27.073+02:00,Resource12,complete
case-3818,T06 Determine necessity of stop advice,2010-10-18T10:45:17.970+02:00,Resource12,complete
case-3818,T02 Check confirmation of receipt,2010-10-18T11:25:15.229+02:00,Resource26,complete
case-3818,T03 Adjust confirmation of receipt,2010-10-18T12:27:27.873+02:00,Resource12,complete
case-3818,T02 Check confirmation of receipt,2010-10-20T12:18:19.102+02:00,Resource24,complete
case-3818,T07-5 Draft intern advice aspect 5,2010-10-21T08:14:04.349+02:00,Resource12,complete
case-3818,T06 Determine necessity of stop advice,2010-10-21T08:36:37.616+02:00,Resource12,complete
case-3818,T10 Determine necessity to stop indication,2010-10-21T08:37:49.327+02:00,Resource12,complete
case-3818,T03 Adjust confirmation of receipt,2010-10-21T09:23:05.590+02:00,Resource12,complete
case-3818,T02 Check confirmation of receipt,2010-10-21T11:40:14.028+02:00,Resource24,complete
case-3818,T03 Adjust confirmation of receipt,2010-10-21T11:47:50.697+02:00,Resource12,complete
case-3818,T02 Check confirmation of receipt,2010-10-21T11:50:06.814+02:00,Resource24,complete
case-3818,T04 Determine confirmation of receipt,2010-10-22T13:21:52.847+02:00,Resource10,complete
case-3818,T05 Print and send confirmation of receipt,2010-10-25T11:52:01.185+02:00,Resource20,complete
case-3877,Confirmation of receipt,2010-11-01T10:37:56.964+01:00,Resource12,complete
case-3877,T06 Determine necessity of stop advice,2010-11-02T10:38:19.621+01:00,Resource12,complete
case-3877,T02 Check confirmation of receipt,2010-11-02T10:41:42.166+01:00,Resource12,complete
case-3877,T04 Determine confirmation of receipt,2010-11-02T10:42:47.991+01:00,Resource12,complete
case-3877,T05 Print and send confirmation of receipt,2010-11-03T08:46:54.881+01:00,Resource20,complete
case-3877,T08 Draft and send request for advice,2010-11-03T10:06:27.156+01:00,Resource12,complete
case-3877,T07-5 Draft intern advice aspect 5,2010-11-03T10:06:46.745+01:00,Resource12,complete
case-3877,T09-4 Process or receive external advice from party 4,2010-11-03T10:07:03.160+01:00,Resource12,complete
case-3877,T06 Determine necessity of stop advice,2010-11-03T10:07:47.559+01:00,Resource12,complete
case-3877,T10 Determine necessity to stop indication,2010-11-03T10:08:13.786+01:00,Resource12,complete
case-3879,Confirmation of receipt,2010-10-27T09:27:51.856+02:00,Resource11,complete
case-3879,T02 Check confirmation of receipt,2010-11-04T11:23:25.112+01:00,Resource19,complete
case-3879,T06 Determine necessity of stop advice,2010-11-04T15:03:15.752+01:00,Resource11,complete
case-3879,T10 Determine necessity to stop indication,2010-11-04T15:03:49.437+01:00,Resource11,complete
case-3879,T04 Determine confirmation of receipt,2010-11-26T09:30:16.271+01:00,Resource19,complete
case-3879,T05 Print and send confirmation of receipt,2010-12-02T07:40:21.413+01:00,Resource11,complete
case-3926,Confirmation of receipt,2010-11-04T11:33:28.141+01:00,Resource02,complete
case-3926,T02 Check confirmation of receipt,2010-11-04T14:01:34.394+01:00,Resource24,complete
case-3926,T06 Determine necessity of stop advice,2010-11-04T14:59:41.086+01:00,Resource02,complete
case-3926,T10 Determine necessity to stop indication,2010-11-04T15:01:20.367+01:00,Resource02,complete
case-3926,T03 Adjust confirmation of receipt,2010-11-04T15:14:32.442+01:00,Resource02,complete
case-3926,T02 Check confirmation of receipt,2010-11-04T15:51:18.204+01:00,Resource24,complete
case-3926,T03 Adjust confirmation of receipt,2010-11-05T08:25:01.081+01:00,Resource02,complete
case-3926,T02 Check confirmation of receipt,2010-11-05T09:34:08.144+01:00,Resource24,complete
case-3926,T04 Determine confirmation of receipt,2010-11-11T15:04:26.194+01:00,Resource10,complete
case-3926,T05 Print and send confirmation of receipt,2010-11-16T10:09:08.525+01:00,admin1,complete
case-3927,Confirmation of receipt,2010-11-23T11:34:13.017+01:00,Resource15,complete
case-3927,T02 Check confirmation of receipt,2010-11-26T08:57:47.280+01:00,Resource24,complete
case-3927,T04 Determine confirmation of receipt,2010-11-30T10:23:33.230+01:00,Resource15,complete
case-3927,T05 Print and send confirmation of receipt,2010-12-06T15:17:29.108+01:00,admin1,complete
case-3927,T06 Determine necessity of stop advice,2011-04-27T12:00:24.623+02:00,Resource15,complete
case-3927,T10 Determine necessity to stop indication,2011-04-27T12:00:46.956+02:00,Resource15,complete
case-3961,Confirmation of receipt,2010-10-27T08:59:50.876+02:00,Resource11,complete
case-3961,T06 Determine necessity of stop advice,2010-10-27T09:04:29.967+02:00,Resource11,complete
case-3961,T07-3 Draft intern advice hold for aspect 3,2010-10-27T09:20:34.229+02:00,Resource11,complete
case-3961,T06 Determine necessity of stop advice,2010-11-01T08:42:39.946+01:00,Resource11,complete
case-3961,T10 Determine necessity to stop indication,2010-11-01T08:43:32.894+01:00,Resource11,complete
case-3961,T02 Check confirmation of receipt,2010-11-04T11:39:31.978+01:00,Resource32,complete
case-3961,T04 Determine confirmation of receipt,2010-11-04T13:18:12.405+01:00,Resource19,complete
case-3961,T05 Print and send confirmation of receipt,2010-11-04T13:52:36.812+01:00,Resource27,complete
case-3983,Confirmation of receipt,2010-11-25T08:59:33.164+01:00,Resource06,complete
case-3983,T02 Check confirmation of receipt,2010-11-25T09:01:56.987+01:00,Resource04,complete
case-3983,T03 Adjust confirmation of receipt,2010-11-25T09:07:20.020+01:00,Resource06,complete
case-3983,T02 Check confirmation of receipt,2010-11-25T09:07:47.085+01:00,Resource06,complete
case-3983,T04 Determine confirmation of receipt,2010-11-25T09:08:09.843+01:00,Resource06,complete
case-3983,T06 Determine necessity of stop advice,2010-11-25T09:08:35.547+01:00,Resource06,complete
case-3983,T10 Determine necessity to stop indication,2010-11-25T09:08:59.165+01:00,Resource06,complete
case-3983,T05 Print and send confirmation of receipt,2010-11-30T09:31:08.264+01:00,admin1,complete
case-3984,Confirmation of receipt,2010-10-25T15:57:54.249+02:00,Resource09,complete
case-3984,T06 Determine necessity of stop advice,2010-10-25T16:13:31.442+02:00,Resource09,complete
case-3984,T07-5 Draft intern advice aspect 5,2010-10-26T09:38:40.195+02:00,Resource09,complete
case-3984,T07-1 Draft intern advice aspect 1,2010-10-26T09:39:17.902+02:00,Resource09,complete
case-3984,T08 Draft and send request for advice,2010-10-26T09:41:04.891+02:00,Resource09,complete
case-3984,T09-1 Process or receive external advice from party 1,2010-10-26T09:42:16.765+02:00,Resource09,complete
case-3984,T07-3 Draft intern advice hold for aspect 3,2010-11-02T15:47:29.459+01:00,Resource35,complete
case-3984,T07-4 Draft internal advice to hold for type 4,2010-11-04T09:07:41.168+01:00,Resource32,complete
case-3984,T07-2 Draft intern advice aspect 2,2010-11-04T09:12:24.545+01:00,Resource32,complete
case-3984,T02 Check confirmation of receipt,2010-11-04T09:34:05.717+01:00,Resource19,complete
case-3984,T04 Determine confirmation of receipt,2010-11-04T09:37:44.329+01:00,Resource19,complete
case-3984,T05 Print and send confirmation of receipt,2010-11-04T13:41:14.073+01:00,Resource27,complete
case-3984,T06 Determine necessity of stop advice,2010-11-04T13:56:19.742+01:00,Resource09,complete
case-3984,T10 Determine necessity to stop indication,2010-11-04T13:56:48.479+01:00,Resource09,complete
case-3987,Confirmation of receipt,2010-10-26T10:47:33.327+02:00,Resource08,complete
case-3987,T06 Determine necessity of stop advice,2010-10-26T12:23:24.830+02:00,Resource08,complete
case-3987,T10 Determine necessity to stop indication,2010-10-26T12:27:17.766+02:00,Resource08,complete
case-3987,T02 Check confirmation of receipt,2010-10-26T15:52:17.181+02:00,Resource19,complete
case-3987,T04 Determine confirmation of receipt,2010-10-28T11:46:00.571+02:00,Resource19,complete
case-3987,T05 Print and send confirmation of receipt,2010-10-28T13:46:25.048+02:00,Resource20,complete
case-3988,Confirmation of receipt,2010-11-08T13:51:30.397+01:00,Resource02,complete
case-3988,T06 Determine necessity of stop advice,2010-11-09T08:46:13.771+01:00,Resource02,complete
case-3988,T10 Determine necessity to stop indication,2010-11-09T08:47:00.517+01:00,Resource02,complete
case-3988,T11 Create document X request unlicensed,2010-11-09T12:03:37.792+01:00,Resource02,complete
case-3988,T12 Check document X request unlicensed,2010-11-09T12:56:25.059+01:00,Resource24,complete
case-3988,T02 Check confirmation of receipt,2010-11-09T15:57:15.740+01:00,Resource24,complete
case-3988,T04 Determine confirmation of receipt,2010-11-12T14:56:31.497+01:00,Resource10,complete
case-3988,T05 Print and send confirmation of receipt,2010-11-16T10:26:00.772+01:00,admin1,complete
case-3988,T13 Adjust document X request unlicensed,2010-12-03T13:08:59.345+01:00,admin2,complete
case-3989,Confirmation of receipt,2010-10-22T09:57:23.546+02:00,Resource12,complete
case-3989,T02 Check confirmation of receipt,2010-10-22T09:57:46.254+02:00,Resource12,complete
case-3989,T04 Determine confirmation of receipt,2010-10-22T09:58:13.317+02:00,Resource12,complete
case-3989,T05 Print and send confirmation of receipt,2010-10-22T09:58:35.137+02:00,Resource12,complete
case-3989,T06 Determine necessity of stop advice,2010-10-22T09:59:04.836+02:00,Resource12,complete
case-3989,T10 Determine necessity to stop indication,2010-10-22T09:59:36.800+02:00,Resource12,complete
case-3991,Confirmation of receipt,2010-10-22T11:17:05.605+02:00,Resource04,complete
case-3991,T06 Determine necessity of stop advice,2010-10-22T11:23:44.282+02:00,Resource04,complete
case-3991,T02 Check confirmation of receipt,2010-10-22T11:23:58.873+02:00,Resource04,complete
case-3991,T04 Determine confirmation of receipt,2010-10-22T11:24:08.474+02:00,Resource04,complete
case-3991,T10 Determine necessity to stop indication,2010-10-22T11:30:31.019+02:00,Resource04,complete
case-3991,T05 Print and send confirmation of receipt,2010-10-22T11:34:43.024+02:00,Resource04,complete
case-3995,Confirmation of receipt,2010-10-26T09:45:05.690+02:00,Resource08,complete
case-3995,T02 Check confirmation of receipt,2010-10-26T15:51:10.937+02:00,Resource19,complete
case-3995,T04 Determine confirmation of receipt,2010-10-28T11:44:43.133+02:00,Resource19,complete
case-3995,T05 Print and send confirmation of receipt,2010-10-28T13:44:25.273+02:00,Resource20,complete
case-3995,T06 Determine necessity of stop advice,2010-11-08T14:42:25.008+01:00,Resource08,complete
case-3995,T10 Determine necessity to stop indication,2010-11-08T15:17:20.902+01:00,Resource08,complete
case-3997,Confirmation of receipt,2010-11-04T14:30:42.541+01:00,Resource17,complete
case-3997,T06 Determine necessity of stop advice,2010-11-04T14:31:21.178+01:00,Resource17,complete
case-3997,T10 Determine necessity to stop indication,2010-11-04T14:31:40.155+01:00,Resource17,complete
case-3997,T02 Check confirmation of receipt,2010-11-18T11:31:22.936+01:00,Resource04,complete
case-3997,T04 Determine confirmation of receipt,2010-11-22T12:08:49.070+01:00,Resource02,complete
case-3997,T05 Print and send confirmation of receipt,2010-11-30T09:15:04.106+01:00,admin1,complete
case-3998,Confirmation of receipt,2010-10-26T09:18:14.992+02:00,Resource08,complete
case-3998,T02 Check confirmation of receipt,2010-10-26T15:51:51.369+02:00,Resource19,complete
case-3998,T04 Determine confirmation of receipt,2010-10-28T11:45:05.599+02:00,Resource19,complete
case-3998,T05 Print and send confirmation of receipt,2010-10-28T13:45:19.365+02:00,Resource20,complete
case-3998,T06 Determine necessity of stop advice,2010-11-02T14:38:22.827+01:00,Resource08,complete
case-3998,T10 Determine necessity to stop indication,2010-11-02T14:38:47.479+01:00,Resource08,complete
case-4000,Confirmation of receipt,2010-11-04T11:45:14.018+01:00,Resource17,complete
case-4000,T06 Determine necessity of stop advice,2010-11-04T11:45:48.226+01:00,Resource17,complete
case-4000,T10 Determine necessity to stop indication,2010-11-04T11:46:07.945+01:00,Resource17,complete
case-4000,T02 Check confirmation of receipt,2010-11-18T10:35:48.552+01:00,Resource04,complete
case-4000,T03 Adjust confirmation of receipt,2010-11-18T10:40:05.522+01:00,Resource17,complete
case-4000,T02 Check confirmation of receipt,2010-11-18T10:44:34.458+01:00,Resource04,complete
case-4000,T04 Determine confirmation of receipt,2010-11-24T11:14:28.576+01:00,Resource10,complete
case-4000,T05 Print and send confirmation of receipt,2010-11-30T09:26:54.924+01:00,admin1,complete
case-4008,Confirmation of receipt,2010-10-26T15:28:43.424+02:00,admin2,complete
case-4010,Confirmation of receipt,2010-10-26T11:03:01.924+02:00,Resource08,complete
case-4010,T02 Check confirmation of receipt,2010-10-26T15:52:41.293+02:00,Resource19,complete
case-4010,T04 Determine confirmation of receipt,2010-10-28T11:46:26.703+02:00,Resource19,complete
case-4010,T05 Print and send confirmation of receipt,2010-10-28T13:47:04.666+02:00,Resource20,complete
case-4010,T06 Determine necessity of stop advice,2010-11-04T11:36:38.175+01:00,Resource08,complete
case-4010,T10 Determine necessity to stop indication,2010-11-04T11:36:57.035+01:00,Resource08,complete
case-4011,Confirmation of receipt,2010-11-08T09:18:09.532+01:00,Resource11,complete
case-4011,T06 Determine necessity of stop advice,2010-11-08T09:18:29.688+01:00,Resource11,complete
case-4011,T10 Determine necessity to stop indication,2010-11-08T09:18:55.857+01:00,Resource11,complete
case-4011,T02 Check confirmation of receipt,2010-11-09T08:13:59.914+01:00,Resource32,complete
case-4011,T03 Adjust confirmation of receipt,2010-11-29T14:58:20.142+01:00,Resource11,complete
case-4011,T02 Check confirmation of receipt,2010-11-29T15:05:45.486+01:00,Resource11,complete
case-4011,T03 Adjust confirmation of receipt,2010-12-10T08:26:07.397+01:00,Resource07,complete
case-4011,T02 Check confirmation of receipt,2010-12-10T08:27:33.436+01:00,Resource07,complete
case-4011,T04 Determine confirmation of receipt,2010-12-10T08:28:24.637+01:00,Resource07,complete
case-4011,T05 Print and send confirmation of receipt,2010-12-10T08:28:35.351+01:00,Resource07,complete
case-4012,Confirmation of receipt,2010-11-08T09:42:06.196+01:00,Resource11,complete
case-4012,T06 Determine necessity of stop advice,2010-11-08T09:42:23.986+01:00,Resource11,complete
case-4012,T10 Determine necessity to stop indication,2010-11-08T09:43:14.965+01:00,Resource11,complete
case-4012,T02 Check confirmation of receipt,2010-11-24T11:31:26.888+01:00,Resource10,complete
case-4012,T04 Determine confirmation of receipt,2010-11-29T14:50:55.327+01:00,Resource11,complete
case-4012,T05 Print and send confirmation of receipt,2010-11-29T15:41:08.959+01:00,Resource11,complete
case-4013,Confirmation of receipt,2010-11-11T15:05:22.193+01:00,Resource17,complete
case-4013,T06 Determine necessity of stop advice,2010-11-11T15:06:10.159+01:00,Resource17,complete
case-4013,T10 Determine necessity to stop indication,2010-11-11T15:06:32.510+01:00,Resource17,complete
case-4013,T02 Check confirmation of receipt,2010-11-16T13:32:33.837+01:00,Resource10,complete
case-4013,T04 Determine confirmation of receipt,2010-11-22T08:26:54.898+01:00,Resource10,complete
case-4013,T05 Print and send confirmation of receipt,2010-11-30T08:59:53.407+01:00,admin1,complete
case-4014,Confirmation of receipt,2010-11-01T11:22:55.945+01:00,Resource11,complete
case-4014,T06 Determine necessity of stop advice,2010-11-01T11:25:03.686+01:00,Resource11,complete
case-4014,T10 Determine necessity to stop indication,2010-11-01T11:25:43.152+01:00,Resource11,complete
case-4014,T02 Check confirmation of receipt,2010-11-01T11:45:22.431+01:00,Resource21,complete
case-4014,T04 Determine confirmation of receipt,2010-11-01T12:39:19.161+01:00,Resource19,complete
case-4014,T05 Print and send confirmation of receipt,2010-11-03T08:45:12.305+01:00,Resource20,complete
case-4015,Confirmation of receipt,2010-11-04T15:37:39.639+01:00,admin2,complete
case-4017,Confirmation of receipt,2010-11-01T12:16:04.360+01:00,Resource11,complete
case-4017,T06 Determine necessity of stop advice,2010-11-01T12:19:33.758+01:00,Resource11,complete
case-4017,T10 Determine necessity to stop indication,2010-11-01T12:21:48.593+01:00,Resource11,complete
case-4017,T02 Check confirmation of receipt,2010-11-01T12:40:15.155+01:00,Resource19,complete
case-4017,T04 Determine confirmation of receipt,2010-11-01T12:52:53.315+01:00,Resource19,complete
case-4017,T05 Print and send confirmation of receipt,2010-11-03T08:46:13.204+01:00,Resource20,complete
case-4020,Confirmation of receipt,2010-11-01T12:46:24.892+01:00,Resource11,complete
case-4020,T06 Determine necessity of stop advice,2010-11-01T12:46:55.737+01:00,Resource11,complete
case-4020,T10 Determine necessity to stop indication,2010-11-01T12:47:52.420+01:00,Resource11,complete
case-4020,T02 Check confirmation of receipt,2010-11-04T10:29:40.881+01:00,Resource19,complete
case-4020,T04 Determine confirmation of receipt,2010-11-09T11:20:01.131+01:00,Resource19,complete
case-4020,T05 Print and send confirmation of receipt,2010-11-11T12:53:21.394+01:00,Resource20,complete
case-4021,Confirmation of receipt,2010-11-01T13:55:26.056+01:00,Resource11,complete
case-4021,T06 Determine necessity of stop advice,2010-11-01T13:56:49.019+01:00,Resource11,complete
case-4021,T10 Determine necessity to stop indication,2010-11-01T13:59:17.587+01:00,Resource11,complete
case-4021,T16 Report reasons to hold request,2010-11-01T14:08:01.278+01:00,Resource11,complete
case-4021,T17 Check report Y to stop indication,2010-11-01T14:21:05.870+01:00,Resource11,complete
case-4021,T19 Determine report Y to stop indication,2010-11-01T14:22:02.839+01:00,Resource11,complete
case-4021,T20 Print report Y to stop indication,2010-11-01T14:22:22.753+01:00,Resource11,complete
case-4021,T02 Check confirmation of receipt,2010-11-09T08:47:01.792+01:00,Resource32,complete
case-4021,T04 Determine confirmation of receipt,2010-11-09T13:04:41.176+01:00,Resource19,complete
case-4021,T05 Print and send confirmation of receipt,2010-11-11T12:54:27.065+01:00,Resource20,complete
case-4024,Confirmation of receipt,2010-12-20T12:10:34.164+01:00,admin2,complete
case-4025,Confirmation of receipt,2010-11-01T15:05:27.606+01:00,Resource11,complete
case-4025,T06 Determine necessity of stop advice,2010-11-01T15:05:48.091+01:00,Resource11,complete
case-4025,T10 Determine necessity to stop indication,2010-11-01T15:06:29.816+01:00,Resource11,complete
case-4025,T02 Check confirmation of receipt,2010-11-01T15:06:53.096+01:00,Resource11,complete
case-4025,T03 Adjust confirmation of receipt,2010-12-02T10:03:09.970+01:00,Resource07,complete
case-4025,T02 Check confirmation of receipt,2010-12-02T10:03:48.065+01:00,Resource07,complete
case-4025,T04 Determine confirmation of receipt,2010-12-02T10:04:10.288+01:00,Resource07,complete
case-4025,T05 Print and send confirmation of receipt,2010-12-02T10:10:12.758+01:00,admin1,complete
case-4027,Confirmation of receipt,2010-11-02T07:32:35.409+01:00,Resource11,complete
case-4027,T06 Determine necessity of stop advice,2010-11-02T07:33:03.163+01:00,Resource11,complete
case-4027,T10 Determine necessity to stop indication,2010-11-02T07:33:46.468+01:00,Resource11,complete
case-4027,T02 Check confirmation of receipt,2010-11-04T10:16:16.748+01:00,Resource19,complete
case-4027,T04 Determine confirmation of receipt,2010-11-04T11:34:39.983+01:00,Resource11,complete
case-4027,T05 Print and send confirmation of receipt,2010-11-04T17:04:13.689+01:00,Resource20,complete
case-4028,Confirmation of receipt,2010-11-02T12:42:19.582+01:00,Resource01,complete
case-4028,T06 Determine necessity of stop advice,2010-11-02T12:45:03.277+01:00,Resource01,complete
case-4028,T10 Determine necessity to stop indication,2010-11-02T12:46:01.076+01:00,Resource01,complete
case-4028,T02 Check confirmation of receipt,2010-11-04T10:01:23.772+01:00,Resource19,complete
case-4028,T04 Determine confirmation of receipt,2010-11-04T15:27:23.404+01:00,Resource19,complete
case-4028,T05 Print and send confirmation of receipt,2010-11-11T12:52:39.426+01:00,Resource20,complete
case-4057,Confirmation of receipt,2010-11-03T07:29:21.044+01:00,Resource11,complete
case-4057,T06 Determine necessity of stop advice,2010-11-03T07:29:43.407+01:00,Resource11,complete
case-4057,T10 Determine necessity to stop indication,2010-11-03T07:34:41.207+01:00,Resource11,complete
case-4057,T02 Check confirmation of receipt,2010-11-03T07:43:45.093+01:00,Resource11,complete
case-4057,T03 Adjust confirmation of receipt,2010-11-03T07:52:15.597+01:00,Resource11,complete
case-4057,T02 Check confirmation of receipt,2010-11-04T10:25:04.170+01:00,Resource19,complete
case-4057,T04 Determine confirmation of receipt,2010-11-11T14:56:32.965+01:00,Resource10,complete
case-4057,T05 Print and send confirmation of receipt,2010-11-16T10:06:20.910+01:00,admin1,complete
case-4058,Confirmation of receipt,2010-11-03T07:58:51.869+01:00,Resource11,complete
case-4058,T06 Determine necessity of stop advice,2010-11-03T07:59:55.594+01:00,Resource11,complete
case-4058,T10 Determine necessity to stop indication,2010-11-03T08:00:44.893+01:00,Resource11,complete
case-4058,T02 Check confirmation of receipt,2010-11-04T10:20:57.159+01:00,Resource19,complete
case-4058,T04 Determine confirmation of receipt,2010-11-11T14:38:59.844+01:00,Resource10,complete
case-4058,T05 Print and send confirmation of receipt,2010-11-16T10:20:22.813+01:00,admin1,complete
case-4059,Confirmation of receipt,2010-11-03T08:28:13.934+01:00,Resource11,complete
case-4059,T06 Determine necessity of stop advice,2010-11-03T08:29:04.356+01:00,Resource11,complete
case-4059,T10 Determine necessity to stop indication,2010-11-03T08:29:32.087+01:00,Resource11,complete
case-4059,T02 Check confirmation of receipt,2010-11-04T10:26:39.061+01:00,Resource19,complete
case-4059,T04 Determine confirmation of receipt,2010-11-11T14:57:37.754+01:00,Resource10,complete
case-4059,T05 Print and send confirmation of receipt,2010-11-16T10:07:03.744+01:00,admin1,complete
case-4060,Confirmation of receipt,2010-11-08T10:25:51.042+01:00,Resource11,complete
case-4060,T06 Determine necessity of stop advice,2010-11-08T10:26:14.161+01:00,Resource11,complete
case-4060,T10 Determine necessity to stop indication,2010-11-08T10:26:42.087+01:00,Resource11,complete
case-4060,T02 Check confirmation of receipt,2010-11-26T08:56:40.517+01:00,Resource24,complete
case-4060,T04 Determine confirmation of receipt,2010-11-26T15:42:09.276+01:00,Resource07,complete
case-4060,T05 Print and send confirmation of receipt,2010-11-26T15:47:51.848+01:00,Resource07,complete
case-4061,Confirmation of receipt,2010-11-04T08:33:20.405+01:00,Resource11,complete
case-4061,T06 Determine necessity of stop advice,2010-11-04T08:33:48.717+01:00,Resource11,complete
case-4061,T10 Determine necessity to stop indication,2010-11-04T08:34:22.793+01:00,Resource11,complete
case-4061,T02 Check confirmation of receipt,2010-11-04T10:33:02.334+01:00,Resource19,complete
case-4061,T04 Determine confirmation of receipt,2010-11-04T11:51:09.059+01:00,Resource19,complete
case-4061,T05 Print and send confirmation of receipt,2010-11-04T13:46:12.386+01:00,Resource27,complete
case-4063,Confirmation of receipt,2010-11-04T10:42:56.993+01:00,Resource11,complete
case-4063,T06 Determine necessity of stop advice,2010-11-04T10:44:29.599+01:00,Resource11,complete
case-4063,T10 Determine necessity to stop indication,2010-11-04T10:45:04.398+01:00,Resource11,complete
case-4063,T02 Check confirmation of receipt,2010-11-04T11:24:06.515+01:00,Resource19,complete
case-4063,T04 Determine confirmation of receipt,2010-11-04T11:30:38.645+01:00,Resource19,complete
case-4063,T05 Print and send confirmation of receipt,2010-11-04T13:38:23.965+01:00,Resource27,complete
case-4071,Confirmation of receipt,2010-11-08T09:58:52.315+01:00,Resource11,complete
case-4071,T06 Determine necessity of stop advice,2010-11-08T09:59:08.857+01:00,Resource11,complete
case-4071,T10 Determine necessity to stop indication,2010-11-08T09:59:43.904+01:00,Resource11,complete
case-4071,T02 Check confirmation of receipt,2010-11-25T15:51:46.498+01:00,Resource32,complete
case-4071,T04 Determine confirmation of receipt,2010-12-01T10:14:30.086+01:00,Resource10,complete
case-4071,T05 Print and send confirmation of receipt,2010-12-03T13:34:06.358+01:00,Resource07,complete
case-4077,Confirmation of receipt,2010-11-05T11:42:28.549+01:00,Resource08,complete
case-4077,T02 Check confirmation of receipt,2010-11-09T15:56:48.464+01:00,Resource24,complete
case-4077,T04 Determine confirmation of receipt,2010-11-12T14:48:36.475+01:00,Resource10,complete
case-4077,T05 Print and send confirmation of receipt,2010-11-16T10:23:00.561+01:00,admin1,complete
case-4077,T06 Determine necessity of stop advice,2010-11-17T12:06:19.161+01:00,Resource09,complete
case-4077,T10 Determine necessity to stop indication,2010-11-17T12:06:46.426+01:00,Resource09,complete
case-4081,Confirmation of receipt,2010-11-05T08:58:23.197+01:00,Resource08,complete
case-4081,T02 Check confirmation of receipt,2010-11-05T09:39:29.677+01:00,Resource24,complete
case-4081,T03 Adjust confirmation of receipt,2010-11-05T11:22:11.329+01:00,Resource08,complete
case-4081,T02 Check confirmation of receipt,2010-11-09T15:45:27.109+01:00,Resource24,complete
case-4081,T04 Determine confirmation of receipt,2010-11-12T15:02:26.576+01:00,Resource10,complete
case-4081,T05 Print and send confirmation of receipt,2010-11-16T10:29:07.375+01:00,admin1,complete
case-4081,T06 Determine necessity of stop advice,2010-11-18T12:24:28.715+01:00,Resource08,complete
case-4081,T10 Determine necessity to stop indication,2010-11-18T12:24:43.413+01:00,Resource08,complete
case-4083,Confirmation of receipt,2010-11-09T08:46:13.078+01:00,Resource05,complete
case-4083,T06 Determine necessity of stop advice,2010-11-09T08:49:59.813+01:00,Resource05,complete
case-4083,T10 Determine necessity to stop indication,2010-11-09T08:51:09.549+01:00,Resource05,complete
case-4083,T02 Check confirmation of receipt,2010-11-09T14:23:14.328+01:00,Resource24,complete
case-4083,T04 Determine confirmation of receipt,2010-11-12T14:52:24.857+01:00,Resource10,complete
case-4083,T05 Print and send confirmation of receipt,2010-11-16T10:28:14.641+01:00,admin1,complete
case-4084,Confirmation of receipt,2010-11-04T15:18:51.161+01:00,Resource09,complete
case-4084,T02 Check confirmation of receipt,2010-11-09T08:41:47.429+01:00,Resource09,complete
case-4084,T06 Determine necessity of stop advice,2010-11-09T08:58:12.628+01:00,Resource09,complete
case-4084,T03 Adjust confirmation of receipt,2010-11-16T12:26:36.800+01:00,Resource09,complete
case-4084,T02 Check confirmation of receipt,2010-11-16T13:56:09.421+01:00,Resource09,complete
case-4084,T03 Adjust confirmation of receipt,2010-11-16T13:56:45.290+01:00,Resource09,complete
case-4084,T02 Check confirmation of receipt,2010-11-17T13:43:42.511+01:00,Resource19,complete
case-4084,T04 Determine confirmation of receipt,2010-11-22T08:30:48.002+01:00,Resource10,complete
case-4084,T05 Print and send confirmation of receipt,2010-11-30T09:02:53.720+01:00,admin1,complete
case-4084,T07-5 Draft intern advice aspect 5,2010-12-20T12:38:27.652+01:00,admin2,complete
case-4085,Confirmation of receipt,2010-12-20T12:49:40.212+01:00,admin2,complete
case-4100,Confirmation of receipt,2010-11-04T11:46:41.738+01:00,Resource09,complete
case-4100,T06 Determine necessity of stop advice,2010-11-04T11:49:30.047+01:00,Resource09,complete
case-4100,T07-5 Draft intern advice aspect 5,2010-11-04T11:56:08.505+01:00,Resource09,complete
case-4100,T06 Determine necessity of stop advice,2010-11-04T11:58:11.677+01:00,Resource09,complete
case-4100,T10 Determine necessity to stop indication,2010-11-04T11:58:44.612+01:00,Resource09,complete
case-4100,T02 Check confirmation of receipt,2010-11-04T14:03:18.938+01:00,Resource24,complete
case-4100,T03 Adjust confirmation of receipt,2010-11-04T14:50:14.865+01:00,Resource09,complete
case-4100,T02 Check confirmation of receipt,2010-11-04T15:41:35.618+01:00,Resource09,complete
case-4100,T03 Adjust confirmation of receipt,2010-11-04T15:44:28.309+01:00,Resource09,complete
case-4100,T02 Check confirmation of receipt,2010-11-16T13:28:40.803+01:00,Resource10,complete
case-4100,T04 Determine confirmation of receipt,2010-11-17T13:45:24.748+01:00,Resource19,complete
case-4100,T05 Print and send confirmation of receipt,2010-11-22T14:06:25.987+01:00,admin1,complete
case-4101,Confirmation of receipt,2010-11-09T09:38:24.169+01:00,Resource05,complete
case-4101,T06 Determine necessity of stop advice,2010-11-09T09:39:15.034+01:00,Resource05,complete
case-4101,T10 Determine necessity to stop indication,2010-11-09T09:43:28.490+01:00,Resource05,complete
case-4101,T02 Check confirmation of receipt,2010-11-09T14:24:44.350+01:00,Resource24,complete
case-4101,T04 Determine confirmation of receipt,2010-11-12T14:54:10.595+01:00,Resource10,complete
case-4101,T05 Print and send confirmation of receipt,2010-11-16T10:23:37.090+01:00,admin1,complete
case-4102,Confirmation of receipt,2010-11-05T09:26:50.492+01:00,Resource08,complete
case-4102,T02 Check confirmation of receipt,2010-11-05T09:36:28.810+01:00,Resource24,complete
case-4102,T03 Adjust confirmation of receipt,2010-11-05T09:43:41.331+01:00,Resource08,complete
case-4102,T02 Check confirmation of receipt,2010-11-09T15:46:11.084+01:00,Resource24,complete
case-4102,T04 Determine confirmation of receipt,2010-11-12T14:58:23.296+01:00,Resource10,complete
case-4102,T05 Print and send confirmation of receipt,2010-11-16T10:27:07.150+01:00,admin1,complete
case-4102,T06 Determine necessity of stop advice,2010-11-16T16:09:30.900+01:00,Resource08,complete
case-4102,T10 Determine necessity to stop indication,2010-11-16T16:12:49.284+01:00,Resource08,complete
case-4103,Confirmation of receipt,2010-11-08T10:47:19.211+01:00,Resource11,complete
case-4103,T06 Determine necessity of stop advice,2010-11-08T10:47:36.538+01:00,Resource11,complete
case-4103,T10 Determine necessity to stop indication,2010-11-08T10:48:12.243+01:00,Resource11,complete
case-4103,T02 Check confirmation of receipt,2010-11-09T10:23:46.696+01:00,Resource32,complete
case-4103,T04 Determine confirmation of receipt,2010-11-12T14:50:12.389+01:00,Resource10,complete
case-4103,T05 Print and send confirmation of receipt,2010-11-16T10:27:45.067+01:00,admin1,complete
case-4111,Confirmation of receipt,2010-11-09T15:00:48.543+01:00,Resource02,complete
case-4111,T02 Check confirmation of receipt,2010-11-09T16:01:52.270+01:00,Resource24,complete
case-4111,T06 Determine necessity of stop advice,2010-11-09T16:02:46.641+01:00,Resource02,complete
case-4111,T07-1 Draft intern advice aspect 1,2010-11-09T16:04:00.213+01:00,Resource02,complete
case-4111,T06 Determine necessity of stop advice,2010-11-09T16:04:24.683+01:00,Resource02,complete
case-4111,T04 Determine confirmation of receipt,2010-11-12T15:04:23.485+01:00,Resource10,complete
case-4111,T05 Print and send confirmation of receipt,2010-11-16T10:22:26.674+01:00,admin1,complete
case-4111,T10 Determine necessity to stop indication,2010-12-08T11:54:32.200+01:00,Resource02,complete
case-4114,Confirmation of receipt,2010-11-05T15:19:40.640+01:00,Resource08,complete
case-4114,T02 Check confirmation of receipt,2010-11-09T15:43:08.091+01:00,Resource24,complete
case-4114,T04 Determine confirmation of receipt,2010-11-12T14:46:48.754+01:00,Resource10,complete
case-4114,T05 Print and send confirmation of receipt,2010-11-16T10:26:34.559+01:00,admin1,complete
case-4114,T06 Determine necessity of stop advice,2010-11-18T14:45:48.314+01:00,Resource08,complete
case-4114,T10 Determine necessity to stop indication,2010-11-18T14:46:07.723+01:00,Resource08,complete
case-4117,Confirmation of receipt,2010-11-25T15:19:58.537+01:00,Resource11,complete
case-4117,T06 Determine necessity of stop advice,2010-11-25T15:24:57.419+01:00,Resource11,complete
case-4117,T10 Determine necessity to stop indication,2010-11-25T15:31:09.270+01:00,Resource11,complete
case-4117,T02 Check confirmation of receipt,2010-11-26T09:29:43.743+01:00,Resource19,complete
case-4117,T03 Adjust confirmation of receipt,2010-11-29T08:04:51.772+01:00,Resource11,complete
case-4117,T02 Check confirmation of receipt,2010-11-30T07:53:13.904+01:00,Resource11,complete
case-4117,T04 Determine confirmation of receipt,2010-12-09T13:38:51.711+01:00,Resource11,complete
case-4117,T05 Print and send confirmation of receipt,2010-12-10T09:11:23.508+01:00,Resource34,complete
case-4118,Confirmation of receipt,2010-11-09T16:09:47.500+01:00,Resource04,complete
case-4118,T06 Determine necessity of stop advice,2010-11-09T16:10:15.497+01:00,Resource04,complete
case-4118,T10 Determine necessity to stop indication,2010-11-09T16:10:33.992+01:00,Resource04,complete
case-4118,T02 Check confirmation of receipt,2010-11-16T13:34:40.273+01:00,Resource10,complete
case-4118,T04 Determine confirmation of receipt,2010-11-22T08:28:28.030+01:00,Resource10,complete
case-4118,T05 Print and send confirmation of receipt,2010-11-30T09:01:21.356+01:00,admin1,complete
case-4119,Confirmation of receipt,2010-11-09T07:57:04.484+01:00,Resource11,complete
case-4119,T06 Determine necessity of stop advice,2010-11-09T07:57:33.991+01:00,Resource11,complete
case-4119,T10 Determine necessity to stop indication,2010-11-09T08:01:14.050+01:00,Resource11,complete
case-4119,T02 Check confirmation of receipt,2010-11-09T11:30:54.690+01:00,Resource32,complete
case-4119,T04 Determine confirmation of receipt,2010-11-12T09:00:02.359+01:00,Resource10,complete
case-4119,T05 Print and send confirmation of receipt,2010-11-16T10:21:07.769+01:00,admin1,complete
case-4144,Confirmation of receipt,2010-12-10T12:09:40.789+01:00,Resource01,complete
case-4144,T06 Determine necessity of stop advice,2010-12-10T12:10:20.113+01:00,Resource01,complete
case-4144,T10 Determine necessity to stop indication,2010-12-10T12:13:38.826+01:00,Resource01,complete
case-4144,T02 Check confirmation of receipt,2010-12-10T12:57:20.976+01:00,Resource34,complete
case-4144,T04 Determine confirmation of receipt,2010-12-10T13:45:13.774+01:00,Resource19,complete
case-4144,T05 Print and send confirmation of receipt,2010-12-15T14:11:41.002+01:00,Resource01,complete
case-4146,Confirmation of receipt,2010-11-25T16:15:12.031+01:00,Resource07,complete
case-4146,T06 Determine necessity of stop advice,2010-11-25T16:15:42.738+01:00,Resource07,complete
case-4146,T10 Determine necessity to stop indication,2010-11-25T16:16:29.698+01:00,Resource07,complete
case-4146,T02 Check confirmation of receipt,2010-11-30T09:09:54.177+01:00,Resource11,complete
case-4146,T04 Determine confirmation of receipt,2010-11-30T09:10:50.238+01:00,Resource11,complete
case-4146,T05 Print and send confirmation of receipt,2010-11-30T09:11:11.593+01:00,Resource11,complete
case-4147,Confirmation of receipt,2010-12-01T16:24:55.077+01:00,Resource02,complete
case-4147,T02 Check confirmation of receipt,2010-12-01T16:34:36.807+01:00,Resource39,complete
case-4147,T03 Adjust confirmation of receipt,2010-12-06T13:59:49.294+01:00,Resource02,complete
case-4147,T02 Check confirmation of receipt,2010-12-06T14:00:05.661+01:00,Resource02,complete
case-4147,T04 Determine confirmation of receipt,2010-12-07T08:15:15.538+01:00,Resource10,complete
case-4147,T05 Print and send confirmation of receipt,2010-12-07T08:32:14.837+01:00,admin1,complete
case-4147,T06 Determine necessity of stop advice,2010-12-08T16:12:55.966+01:00,Resource02,complete
case-4147,T10 Determine necessity to stop indication,2010-12-08T16:16:39.128+01:00,Resource02,complete
case-4149,Confirmation of receipt,2010-11-05T14:30:08.159+01:00,Resource08,complete
case-4149,T06 Determine necessity of stop advice,2010-11-05T14:31:07.966+01:00,Resource08,complete
case-4149,T10 Determine necessity to stop indication,2010-11-05T14:31:35.445+01:00,Resource08,complete
case-4149,T02 Check confirmation of receipt,2010-11-09T15:44:17.788+01:00,Resource24,complete
case-4149,T04 Determine confirmation of receipt,2010-11-12T15:00:18.957+01:00,Resource10,complete
case-4149,T05 Print and send confirmation of receipt,2010-11-16T10:25:26.201+01:00,admin1,complete
case-4157,Confirmation of receipt,2010-11-30T08:24:42.997+01:00,Resource11,complete
case-4157,T06 Determine necessity of stop advice,2010-11-30T08:25:31.275+01:00,Resource11,complete
case-4157,T06 Determine necessity of stop advice,2010-11-30T08:26:34.330+01:00,Resource11,complete
case-4157,T06 Determine necessity of stop advice,2010-11-30T08:27:08.940+01:00,Resource11,complete
case-4157,T07-4 Draft internal advice to hold for type 4,2010-11-30T08:27:59.445+01:00,Resource11,complete
case-4157,T06 Determine necessity of stop advice,2010-11-30T08:28:44.151+01:00,Resource11,complete
case-4157,T10 Determine necessity to stop indication,2010-11-30T08:29:45.853+01:00,Resource11,complete
case-4157,T02 Check confirmation of receipt,2010-12-08T11:07:58.906+01:00,Resource11,complete
case-4157,T04 Determine confirmation of receipt,2010-12-08T11:08:59.730+01:00,Resource11,complete
case-4157,T05 Print and send confirmation of receipt,2010-12-10T13:34:40.772+01:00,admin1,complete
case-4158,Confirmation of receipt,2010-12-02T07:47:54.417+01:00,Resource11,complete
case-4158,T02 Check confirmation of receipt,2010-12-07T08:34:56.309+01:00,Resource19,complete
case-4158,T06 Determine necessity of stop advice,2010-12-08T11:43:04.093+01:00,Resource11,complete
case-4158,T04 Determine confirmation of receipt,2010-12-08T11:43:51.948+01:00,Resource11,complete
case-4158,T10 Determine necessity to stop indication,2010-12-08T11:45:40.022+01:00,Resource11,complete
case-4158,T05 Print and send confirmation of receipt,2010-12-14T13:49:29.028+01:00,Resource11,complete
case-4159,Confirmation of receipt,2010-11-26T11:50:26.184+01:00,Resource02,complete
case-4159,T06 Determine necessity of stop advice,2010-11-26T11:53:55.563+01:00,Resource02,complete
case-4159,T10 Determine necessity to stop indication,2010-11-26T11:54:25.036+01:00,Resource02,complete
case-4159,T02 Check confirmation of receipt,2010-11-26T14:23:11.333+01:00,Resource08,complete
case-4159,T04 Determine confirmation of receipt,2010-12-03T11:40:19.957+01:00,Resource02,complete
case-4159,T05 Print and send confirmation of receipt,2010-12-06T14:38:19.085+01:00,admin1,complete
case-416,Confirmation of receipt,2010-10-20T12:56:58.348+02:00,Resource21,complete
case-416,T02 Check confirmation of receipt,2010-10-20T12:57:49.263+02:00,Resource21,complete
case-416,T04 Determine confirmation of receipt,2010-10-20T12:58:58.565+02:00,Resource21,complete
case-416,T05 Print and send confirmation of receipt,2010-10-20T12:59:23.662+02:00,Resource21,complete
case-416,T06 Determine necessity of stop advice,2010-10-20T13:02:33.507+02:00,Resource21,complete
case-416,T10 Determine necessity to stop indication,2010-11-08T14:07:42.360+01:00,Resource21,complete
case-4161,Confirmation of receipt,2010-11-23T12:19:41.441+01:00,Resource15,complete
case-4161,T02 Check confirmation of receipt,2010-11-26T09:00:46.351+01:00,Resource24,complete
case-4161,T04 Determine confirmation of receipt,2010-11-30T08:21:40.981+01:00,Resource15,complete
case-4161,T03 Adjust confirmation of receipt,2011-02-07T10:04:23.135+01:00,admin2,complete
case-4161,T06 Determine necessity of stop advice,2011-02-07T10:04:23.862+01:00,admin2,complete
case-4175,Confirmation of receipt,2010-11-04T15:18:33.535+01:00,Resource25,complete
case-4175,T06 Determine necessity of stop advice,2010-11-04T15:21:59.690+01:00,Resource25,complete
case-4175,T07-5 Draft intern advice aspect 5,2010-11-10T14:20:21.653+01:00,Resource25,complete
case-4175,T06 Determine necessity of stop advice,2010-11-10T14:21:06.822+01:00,Resource25,complete
case-4175,T07-5 Draft intern advice aspect 5,2010-11-10T14:25:50.320+01:00,Resource25,complete
case-4175,T06 Determine necessity of stop advice,2010-11-10T14:26:38.744+01:00,Resource25,complete
case-4175,T10 Determine necessity to stop indication,2010-11-10T14:28:05.476+01:00,Resource25,complete
case-4175,T02 Check confirmation of receipt,2010-11-11T13:20:04.142+01:00,Resource28,complete
case-4175,T04 Determine confirmation of receipt,2010-11-17T13:41:03.018+01:00,Resource19,complete
case-4175,T05 Print and send confirmation of receipt,2010-11-30T08:56:13.703+01:00,admin1,complete
case-4185,Confirmation of receipt,2010-12-02T08:11:39.624+01:00,Resource11,complete
case-4185,T06 Determine necessity of stop advice,2010-12-02T08:11:57.582+01:00,Resource11,complete
case-4185,T10 Determine necessity to stop indication,2010-12-02T08:13:55.406+01:00,Resource11,complete
case-4185,T02 Check confirmation of receipt,2010-12-02T08:20:08.769+01:00,Resource11,complete
case-4185,T03 Adjust confirmation of receipt,2010-12-02T08:21:46.572+01:00,Resource11,complete
case-4185,T02 Check confirmation of receipt,2010-12-02T08:27:20.046+01:00,Resource11,complete
case-4185,T03 Adjust confirmation of receipt,2010-12-02T08:27:39.920+01:00,Resource11,complete
case-4185,T02 Check confirmation of receipt,2010-12-02T08:28:03.007+01:00,Resource11,complete
case-4185,T04 Determine confirmation of receipt,2010-12-02T08:28:43.868+01:00,Resource11,complete
case-4185,T03 Adjust confirmation of receipt,2010-12-02T08:29:00.825+01:00,Resource11,complete
case-4185,T02 Check confirmation of receipt,2010-12-08T14:31:19.493+01:00,Resource11,complete
case-4185,T04 Determine confirmation of receipt,2010-12-08T14:36:17.802+01:00,Resource11,complete
case-4185,T05 Print and send confirmation of receipt,2010-12-10T13:57:18.174+01:00,admin1,complete
case-4186,Confirmation of receipt,2010-12-02T08:00:12.219+01:00,Resource11,complete
case-4186,T06 Determine necessity of stop advice,2010-12-02T08:02:51.102+01:00,Resource11,complete
case-4186,T10 Determine necessity to stop indication,2010-12-02T08:03:20.160+01:00,Resource11,complete
case-4186,T02 Check confirmation of receipt,2010-12-07T08:37:16.390+01:00,Resource19,complete
case-4186,T04 Determine confirmation of receipt,2010-12-07T08:53:52.015+01:00,Resource10,complete
case-4186,T05 Print and send confirmation of receipt,2010-12-07T09:09:18.787+01:00,admin1,complete
case-4187,Confirmation of receipt,2010-12-02T07:53:22.504+01:00,Resource11,complete
case-4187,T06 Determine necessity of stop advice,2010-12-02T07:54:13.466+01:00,Resource11,complete
case-4187,T10 Determine necessity to stop indication,2010-12-02T07:54:35.995+01:00,Resource11,complete
case-4187,T02 Check confirmation of receipt,2010-12-07T08:35:27.763+01:00,Resource19,complete
case-4187,T04 Determine confirmation of receipt,2010-12-08T12:28:13.793+01:00,Resource11,complete
case-4187,T05 Print and send confirmation of receipt,2010-12-14T13:53:30.413+01:00,Resource11,complete
case-4188,Confirmation of receipt,2010-11-08T12:44:00.430+01:00,Resource09,complete
case-4188,T06 Determine necessity of stop advice,2010-11-08T12:46:16.023+01:00,Resource09,complete
case-4188,T08 Draft and send request for advice,2010-11-08T12:46:56.586+01:00,Resource09,complete
case-4188,T09-4 Process or receive external advice from party 4,2010-11-08T12:47:12.538+01:00,Resource09,complete
case-4188,T06 Determine necessity of stop advice,2010-11-08T12:47:34.348+01:00,Resource09,complete
case-4188,T10 Determine necessity to stop indication,2010-11-08T12:49:11.529+01:00,Resource09,complete
case-4188,T02 Check confirmation of receipt,2010-11-09T12:13:20.418+01:00,Resource19,complete
case-4188,T04 Determine confirmation of receipt,2010-11-12T09:02:49.872+01:00,Resource10,complete
case-4188,T05 Print and send confirmation of receipt,2010-11-16T10:21:50.718+01:00,admin1,complete
case-4189,Confirmation of receipt,2010-12-20T12:36:28.288+01:00,admin2,complete
case-4208,Confirmation of receipt,2010-12-02T08:47:31.459+01:00,Resource11,complete
case-4208,T02 Check confirmation of receipt,2010-12-02T08:48:34.402+01:00,Resource11,complete
case-4208,T06 Determine necessity of stop advice,2010-12-02T08:50:22.430+01:00,Resource11,complete
case-4208,T10 Determine necessity to stop indication,2010-12-02T08:53:00.533+01:00,Resource11,complete
case-4208,T04 Determine confirmation of receipt,2010-12-02T08:54:01.332+01:00,Resource11,complete
case-4208,T05 Print and send confirmation of receipt,2010-12-02T08:54:39.811+01:00,Resource11,complete
case-4219,Confirmation of receipt,2010-12-07T16:20:44.780+01:00,Resource02,complete
case-4219,T02 Check confirmation of receipt,2010-12-07T16:43:55.262+01:00,Resource02,complete
case-4219,T04 Determine confirmation of receipt,2010-12-07T16:47:52.078+01:00,Resource02,complete
case-4219,T05 Print and send confirmation of receipt,2010-12-07T16:48:44.941+01:00,Resource02,complete
case-4219,T06 Determine necessity of stop advice,2010-12-07T16:49:47.960+01:00,Resource02,complete
case-4219,T10 Determine necessity to stop indication,2010-12-07T16:50:10.110+01:00,Resource02,complete
case-4243,Confirmation of receipt,2010-12-08T10:05:01.220+01:00,Resource11,complete
case-4243,T06 Determine necessity of stop advice,2010-12-08T10:05:22.642+01:00,Resource11,complete
case-4243,T02 Check confirmation of receipt,2010-12-08T10:07:08.958+01:00,Resource11,complete
case-4243,T10 Determine necessity to stop indication,2010-12-08T10:08:28.383+01:00,Resource11,complete
case-4243,T04 Determine confirmation of receipt,2010-12-08T10:52:20.092+01:00,Resource11,complete
case-4243,T05 Print and send confirmation of receipt,2010-12-10T13:31:07.754+01:00,admin1,complete
case-4247,Confirmation of receipt,2010-11-25T16:26:23.142+01:00,Resource07,complete
case-4247,T06 Determine necessity of stop advice,2010-11-25T16:26:41.545+01:00,Resource07,complete
case-4247,T10 Determine necessity to stop indication,2010-11-25T16:27:03.105+01:00,Resource07,complete
case-4247,T02 Check confirmation of receipt,2010-11-30T11:15:10.421+01:00,Resource07,complete
case-4247,T04 Determine confirmation of receipt,2010-11-30T11:33:21.851+01:00,Resource07,complete
case-4247,T05 Print and send confirmation of receipt,2010-11-30T12:26:33.377+01:00,Resource11,complete
case-4248,Confirmation of receipt,2010-12-20T12:50:06.640+01:00,admin2,complete
case-4249,Confirmation of receipt,2010-11-30T12:05:24.139+01:00,Resource11,complete
case-4249,T06 Determine necessity of stop advice,2010-11-30T12:18:29.293+01:00,Resource11,complete
case-4249,T02 Check confirmation of receipt,2010-11-30T12:19:14.969+01:00,Resource11,complete
case-4249,T10 Determine necessity to stop indication,2010-11-30T12:19:49.002+01:00,Resource11,complete
case-4249,T04 Determine confirmation of receipt,2010-11-30T12:20:31.346+01:00,Resource11,complete
case-4249,T05 Print and send confirmation of receipt,2010-11-30T12:20:46.444+01:00,Resource11,complete
case-4251,Confirmation of receipt,2010-11-18T09:19:56.129+01:00,Resource05,complete
case-4251,T06 Determine necessity of stop advice,2010-11-18T09:24:17.458+01:00,Resource05,complete
case-4251,T10 Determine necessity to stop indication,2010-11-18T09:25:18.636+01:00,Resource05,complete
case-4251,T02 Check confirmation of receipt,2010-11-19T16:22:08.685+01:00,Resource24,complete
case-4251,T04 Determine confirmation of receipt,2010-11-24T11:33:38.008+01:00,Resource10,complete
case-4251,T05 Print and send confirmation of receipt,2010-11-30T09:28:28.886+01:00,admin1,complete
case-4255,Confirmation of receipt,2010-11-30T12:34:39.201+01:00,Resource11,complete
case-4255,T02 Check confirmation of receipt,2010-11-30T12:35:52.251+01:00,Resource11,complete
case-4255,T04 Determine confirmation of receipt,2010-11-30T12:36:27.260+01:00,Resource11,complete
case-4255,T05 Print and send confirmation of receipt,2010-11-30T12:37:18.867+01:00,Resource11,complete
case-4255,T06 Determine necessity of stop advice,2010-11-30T12:37:31.816+01:00,Resource11,complete
case-4255,T10 Determine necessity to stop indication,2010-11-30T12:37:50.542+01:00,Resource11,complete
case-4274,Confirmation of receipt,2010-11-19T10:30:32.551+01:00,Resource17,complete
case-4274,T06 Determine necessity of stop advice,2010-11-19T10:31:15.981+01:00,Resource17,complete
case-4274,T10 Determine necessity to stop indication,2010-11-19T10:31:45.859+01:00,Resource17,complete
case-4274,T02 Check confirmation of receipt,2010-11-19T14:02:07.406+01:00,Resource04,complete
case-4274,T04 Determine confirmation of receipt,2010-11-24T11:23:03.928+01:00,Resource10,complete
case-4274,T05 Print and send confirmation of receipt,2010-11-30T09:29:49.304+01:00,admin1,complete
case-4277,Confirmation of receipt,2010-12-02T15:03:17.656+01:00,Resource02,complete
case-4277,T02 Check confirmation of receipt,2010-12-06T14:10:19.116+01:00,Resource02,complete
case-4277,T06 Determine necessity of stop advice,2010-12-06T14:42:57.169+01:00,Resource02,complete
case-4277,T10 Determine necessity to stop indication,2010-12-06T14:51:10.689+01:00,Resource02,complete
case-4277,T04 Determine confirmation of receipt,2010-12-07T08:47:24.975+01:00,Resource10,complete
case-4277,T05 Print and send confirmation of receipt,2010-12-07T08:49:10.781+01:00,admin1,complete
case-4279,Confirmation of receipt,2010-11-10T11:21:33.057+01:00,Resource12,complete
case-4279,T06 Determine necessity of stop advice,2010-11-11T14:13:35.775+01:00,Resource12,complete
case-4279,T10 Determine necessity to stop indication,2010-11-11T14:14:13.332+01:00,Resource12,complete
case-4279,T02 Check confirmation of receipt,2010-11-11T14:32:50.573+01:00,Resource12,complete
case-4279,T04 Determine confirmation of receipt,2010-11-11T14:33:20.077+01:00,Resource12,complete
case-4279,T05 Print and send confirmation of receipt,2010-11-11T14:33:31.895+01:00,Resource12,complete
case-4317,Confirmation of receipt,2010-11-23T12:58:39.850+01:00,Resource08,complete
case-4317,T06 Determine necessity of stop advice,2010-11-23T13:02:43.993+01:00,Resource08,complete
case-4317,T10 Determine necessity to stop indication,2010-11-23T13:03:09.100+01:00,Resource08,complete
case-4317,T02 Check confirmation of receipt,2010-11-26T08:57:14.441+01:00,Resource24,complete
case-4317,T04 Determine confirmation of receipt,2010-11-26T10:09:50.090+01:00,Resource04,complete
case-4317,T05 Print and send confirmation of receipt,2010-11-30T10:02:41.089+01:00,admin1,complete
case-4319,Confirmation of receipt,2010-11-30T13:56:43.347+01:00,Resource11,complete
case-4319,T02 Check confirmation of receipt,2010-11-30T13:57:29.374+01:00,Resource11,complete
case-4319,T06 Determine necessity of stop advice,2010-11-30T13:58:42.811+01:00,Resource11,complete
case-4319,T04 Determine confirmation of receipt,2010-11-30T13:59:06.922+01:00,Resource11,complete
case-4319,T05 Print and send confirmation of receipt,2010-11-30T14:00:38.275+01:00,Resource11,complete
case-4319,T10 Determine necessity to stop indication,2010-11-30T14:01:04.464+01:00,Resource11,complete
case-4328,Confirmation of receipt,2011-03-01T15:45:50.426+01:00,Resource36,complete
case-4328,T02 Check confirmation of receipt,2011-03-01T15:50:01.543+01:00,Resource36,complete
case-4328,T06 Determine necessity of stop advice,2011-03-01T15:50:53.503+01:00,Resource36,complete
case-4328,T04 Determine confirmation of receipt,2011-03-01T15:52:02.024+01:00,Resource36,complete
case-4328,T05 Print and send confirmation of receipt,2011-03-01T15:53:25.806+01:00,Resource36,complete
case-4328,T10 Determine necessity to stop indication,2011-03-01T15:55:04.214+01:00,Resource36,complete
case-4344,Confirmation of receipt,2010-11-23T09:16:35.832+01:00,Resource04,complete
case-4344,T02 Check confirmation of receipt,2010-11-23T09:18:53.915+01:00,Resource04,complete
case-4344,T04 Determine confirmation of receipt,2010-11-23T09:19:10.039+01:00,Resource04,complete
case-4344,T05 Print and send confirmation of receipt,2010-11-23T09:24:11.612+01:00,Resource04,complete
case-4344,T06 Determine necessity of stop advice,2010-11-23T09:25:26.571+01:00,Resource04,complete
case-4344,T10 Determine necessity to stop indication,2010-11-23T09:27:57.790+01:00,Resource04,complete
case-4345,Confirmation of receipt,2010-11-23T15:59:06.988+01:00,Resource21,complete
case-4345,T02 Check confirmation of receipt,2010-11-23T16:08:15.596+01:00,Resource21,complete
case-4345,T04 Determine confirmation of receipt,2010-11-25T10:16:49.103+01:00,Resource10,complete
case-4345,T05 Print and send confirmation of receipt,2010-11-30T09:46:14.548+01:00,admin1,complete
case-4345,T06 Determine necessity of stop advice,2010-11-30T13:58:39.431+01:00,Resource04,complete
case-4345,T10 Determine necessity to stop indication,2010-11-30T13:58:56.702+01:00,Resource04,complete
case-4346,Confirmation of receipt,2010-11-25T09:01:06.997+01:00,Resource21,complete
case-4346,T02 Check confirmation of receipt,2010-11-25T09:09:53.721+01:00,Resource21,complete
case-4346,T04 Determine confirmation of receipt,2010-11-25T10:24:54.306+01:00,Resource21,complete
case-4346,T05 Print and send confirmation of receipt,2010-11-30T09:32:31.628+01:00,admin1,complete
case-4346,T06 Determine necessity of stop advice,2011-04-04T13:48:49.776+02:00,Resource21,complete
case-4346,T07-1 Draft intern advice aspect 1,2011-04-04T13:51:48.317+02:00,Resource21,complete
case-4346,T06 Determine necessity of stop advice,2011-04-04T13:52:20.251+02:00,Resource21,complete
case-4346,T10 Determine necessity to stop indication,2011-04-04T13:54:21.379+02:00,Resource21,complete
case-4347,Confirmation of receipt,2010-11-23T15:37:51.505+01:00,admin2,complete
case-4348,Confirmation of receipt,2010-11-23T15:47:49.945+01:00,admin2,complete
case-4349,Confirmation of receipt,2010-11-23T15:48:25.571+01:00,admin2,complete
case-4350,Confirmation of receipt,2011-01-19T10:12:28.533+01:00,admin2,complete
case-4363,Confirmation of receipt,2010-11-23T15:59:11.872+01:00,admin2,complete
